rank,group,top_ad_name,clients,tech,ads,spend,meta_leads,meta_cpl,first,last,active,have_file,ad_ids,thumb
1,upload:1d5bdb1d-7c19-45c9-b344-1f163e7d2568,Test - 9k2,Gas Worx; Greentide; Greentide Backup,hp,21,12523,531,24,2026-06-29,2026-09-27,yes,yes,120250153016980152 120250017759350152 120249763999930201 120247689176810464 120249500429430201 120249180426890201 120248647744720201 120248672579270201 120251215319550201 120249787507700201 120249462156410201 120250504803330152 120248964120990201 120248223136290201 120248672579390201 120248248753760464 120248475769380152 120249657830990201 120249909497180201 120250396929310201 120248964120490201,https://scontent-iad3-1.xx.fbcdn.net/v/t15.5256-10/719216629_2151385759049105_3351288228192554098_n.jpg?_nc_cat=104&ccb=1-7&_nc_ohc=QlmbgJPvTcEQ7kNvwEkzo47&_nc_oc=Ado2e3nshT5N97COLMB11UX91ru7uUlBb4nKWiP2ylWwfnj1ozqcCzcs6qkC0DpOr-MMBWjJLeAQQPyjJ4lnDemu&_nc_zt=23&_nc_ht=scontent-iad3-1.xx&edm=AOgd6ZUEAAAA&_nc_gid=bXNWzf2dvLSKROHEpOmPAQ&_nc_tpa=Q5bMBQK3urAXeAurwZmxdQ3XG7xUmbc9aixnKNqbY1NzNqNAm54UAxAG_g6BUr_h77aisx0hqEBkg2xMSA&stp=c0.5000x0.5000f_dst-emg0_p64x64_q75_tt6&ur=5fad0e&_nc_sid=58080a&oh=00_AQJjtF_6KwoBQXA9cLsYW1z0LeSUNX3kTTLnBF-iSqDTgA&oe=6ABEF71A
2,upload:3a966eb7-95e8-4629-ac3c-1f77d236caf7,Video,Greentide; Greentide Backup,solar,6,7661,420,18,2026-06-29,2026-09-04,yes,no,120248394141030201 120244564331400201 120250197961030201 120249797497230152 120248675299940201 120248476838110152,https://scontent-lhr11-1.xx.fbcdn.net/v/t15.5256-10/677089773_1287537409540778_2907039333244723793_n.jpg?_nc_cat=110&ccb=1-7&_nc_ohc=7Zogs2GMKgAQ7kNvwFwsI9b&_nc_oc=AdrOczGYuaFywgyzBPV5_5ae90m6Lt6ofn7uGAZOPXMWruCXt7RzHr6vNpaHC1pZIOLsl7ooh6fZF6qioCwYKU4g&_nc_zt=23&_nc_ht=scontent-lhr11-1.xx&edm=AOgd6ZUEAAAA&_nc_gid=6IohvR6DnaG0rFoe6iw7tQ&_nc_tpa=Q5bMBQJbpYsLCI0UI0ewHGGitOjyv253B_LxhbJse8w79m4v7N7aPuKsZUB3mYJ8mKS5kvqExRJSNVr4nA&stp=c0.5000x0.5000f_dst-emg0_p64x64_q75_tt6&ur=b696e2&_nc_sid=58080a&oh=00_AQIIxqNfBp5Hdrhx93G6VOROui3XeugWpgLkkMVaEn51xQ&oe=6A9FFB38
3,a:11527c10-15d1-4474-b588-d08771734c69,Vid1,Arktek; SWH Electrical Solutions,solar,2,4978,136,37,2026-08-03,2026-09-27,yes,no,120248870573790083 120248617133530576,https://scontent-iad6-1.xx.fbcdn.net/v/t15.5256-10/765276919_1476753817618793_4420168349804828269_n.jpg?_nc_cat=109&ccb=1-7&_nc_ohc=eb0-X5ReXV0Q7kNvwESR-Ki&_nc_oc=Ado4X8KMUwCIXONBOTXBg70YSvQztOUfG0HeYwpAAeA7fxuW10sfpPlFZPm91bfE4sCUUgTD6nWLE9gFn6HmaQ8J&_nc_zt=23&_nc_ht=scontent-iad6-1.xx&edm=AOgd6ZUEAAAA&_nc_gid=_JMQM73eJr_Hwb907Ub5gQ&_nc_tpa=Q5bMBQL8LJIwPHNRlYRVj9pMxgYkiwmjb_vXJnN5HbwgM3zxLI8pOe2hfmN1NBMOy7m2HGoztVtU-LgLuw&stp=c0.5000x0.5000f_dst-emg0_p64x64_q75_tt6&ur=b696e2&_nc_sid=58080a&oh=00_AQJTx2CHYUIuGPw5ZxYnAVOznysVvlZQGrJOZIwN8hyBvQ&oe=6ABEFB68
4,a:1c01085e-6ac4-4f9f-9393-73ba8c292bd7,Image-UC-Urgency-Boiler-1 - Copy,National Eco,not set,2,2586,742,3,2026-06-29,2026-09-24,yes,no,120247922980270012 120254939833520012,https://scontent-iad6-1.xx.fbcdn.net/v/t45.1600-4/533299213_1499226494651868_4733158833606910857_n.jpg?_nc_cat=102&ccb=1-7&_nc_ohc=uVCVLOXtzBoQ7kNvwEFAF0r&_nc_oc=Adr0_HnI-pAiSz-i9GN9avU6267QZwz8EMrFuIrQ0UulDrFE0BNhQr4dejiw_sWmoYfcYdy9myozjC1HNv8Ff9eK&_nc_zt=1&_nc_ht=scontent-iad6-1.xx&edm=AOgd6ZUEAAAA&_nc_gid=DEoYwc28bgdz_zxnutoyJw&_nc_tpa=Q5bMBQIQZD290qZq3unFgolPeTPh7_UhL94GCVdnSIWmRkn5pVt6OZD9Y2jo_phsIMAbrXcpahfds0gQvQ&stp=c0.5000x0.5000f_dst-emg0_p64x64_q75_tt6&ur=52f3c4&_nc_sid=58080a&oh=00_AQJWzEY171ar8fN2qpourAuOKasqL31RU4lokzgK_baXog&oe=6ABF0E09
5,a:f674e1f9-4a3b-40f0-99e5-4d5ecaae93e0,HP | WAD-D v2 - Battery + Inverter | 221,Helix Power Ltd,not set,1,1994,116,17,2026-07-07,2026-08-29,yes,no,52551997416118,https://scontent-lhr11-1.xx.fbcdn.net/v/t15.5256-10/741395483_1523556869516274_4460748799753318524_n.jpg?_nc_cat=107&ccb=1-7&_nc_ohc=V30BR8D5_cgQ7kNvwFBt0P4&_nc_oc=Ado3ifUtT0aL7PzzmpdO5V4d9DZvK0to_AGgIOgfJxH38INWh5GLgQgsPk7s-HDaqsdK9NQCRndEiKZW-eKFpDMu&_nc_zt=23&_nc_ht=scontent-lhr11-1.xx&edm=AOgd6ZUEAAAA&_nc_gid=pAweFddxxT9CrY_eOg7TXg&_nc_tpa=Q5bMBQJVkJD-5ZgXPT92fa17dZuPL-1PHL7I1O1iD3y27cs15SGmDdhgHszuZk8MI0PfUTkMHVML8wfyYw&stp=c0.5000x0.5000f_dst-emg0_p64x64_q75_tt6&ur=b696e2&_nc_sid=58080a&oh=00_AQIA8Co2ZfFEVnVVMODjBD8N3DwNpzA2IHjcCdUOfJ8GjQ&oe=6A9815EA
6,a:1403600d-a199-43b3-af0d-dffb15bc39bd,Test - Video 1,Gas Worx; HQ Group; LJP Plumbing & Heating; NIBE,hp/not set,4,1977,77,26,2026-07-07,2026-09-27,yes,no,120249578916680306 120253241116790079 120247689185980464 120250323495900238,https://scontent-lhr6-2.xx.fbcdn.net/v/t15.5256-10/729389644_989502380731637_8228345228769138836_n.jpg?_nc_cat=109&ccb=1-7&_nc_ohc=c4R9V2GeDawQ7kNvwFcI12o&_nc_oc=AdoLwcoIdZBrb7GIXYmDSXiLaKmv943S_x7w5a3IDo5qr2uaaFzkzHqa9tEnEGzdIvdCkGIg56MR8lM4IPW0joo4&_nc_zt=23&_nc_ht=scontent-lhr6-2.xx&edm=AOgd6ZUEAAAA&_nc_gid=xWCtarvktHi_8T_1DSi2IA&_nc_tpa=Q5bMBQJJT3TNQ1DcvdJDLszF9qQ0sSh-1_ZjVztpbbFBOeK0DyxNbS0kiRqXGLMFOg_9i_PNHJd1v-JMxg&stp=c0.5000x0.5000f_dst-emg0_p64x64_q75_tt6&ur=b696e2&_nc_sid=58080a&oh=00_AQL1kIkHNG8mn0g3tqhQJZJ6bRlA7hne4fhQTs9CPlV37w&oe=6AB3CA41
7,a:8731bc33-e334-4aaa-9604-5ccaf2b11f43,Video-breaking-uc-upgrades-V1 - Copy,National Eco,not set,2,1973,477,4,2026-06-29,2026-09-24,yes,no,120247922980290012 120249512041960012,https://scontent-iad6-1.xx.fbcdn.net/v/t15.13418-10/518177244_680563354942048_7732523460309527116_n.jpg?_nc_cat=102&ccb=1-7&_nc_ohc=ZcGvSd-lW7oQ7kNvwEVe_ai&_nc_oc=Ado7B7jNYG-_2AHq9JwHA2IZi-Hxawciz0yVyFOsl9hXVg73vh9tC6U1mWuWLQcaFaGW183RfkhzU7JKYNATYJ5l&_nc_zt=23&_nc_ht=scontent-iad6-1.xx&edm=AOgd6ZUEAAAA&_nc_gid=DEoYwc28bgdz_zxnutoyJw&_nc_tpa=Q5bMBQK06GOV2HOs0x7YuqpXKZEBaPR6LNG-zssKqmBPaS2l8dbjSJjr6w6jUdoyrLWh4Fhbz0vCn0qbQw&stp=c0.5000x0.5000f_dst-emg0_p64x64_q75_tt6&ur=aaa768&_nc_sid=58080a&oh=00_AQI3QbTNZmzSc-7oU8HeYTy_ciU3ciKwfRGQnbya_yma2A&oe=6ABF1D52
8,a:0b45eee8-5498-46a2-8013-d2f3873a317f,Test - Test - Video 1,HQ Group; NIBE,hp,2,1549,88,18,2026-06-29,2026-09-27,yes,no,120249869281000306 120250323849830238,https://scontent-lhr6-1.xx.fbcdn.net/v/t15.5256-10/731808118_1524221005873995_623432424537559245_n.jpg?_nc_cat=108&ccb=1-7&_nc_ohc=ZRLUj0URytIQ7kNvwEoGL59&_nc_oc=Adqsl0bwj3aVU9ai6z4JXlMzUAubEW8h_cDRc8HtX33T10lkYzmswVQxoLzKE1AzCtdHP7UF2Fh4NCrFM5hmp6D9&_nc_zt=23&_nc_ht=scontent-lhr6-1.xx&edm=AOgd6ZUEAAAA&_nc_gid=xWCtarvktHi_8T_1DSi2IA&_nc_tpa=Q5bMBQKMQRsMQfbIVeGn4TotNfknJSCu4C3YI9poZyEC7c-qGrOqMyvtWVkVW2vLmapwfk8bH_rSl-pXvg&stp=c0.5000x0.5000f_dst-emg0_p64x64_q75_tt6&ur=b696e2&_nc_sid=58080a&oh=00_AQJtuAIlhyZ-WdqZKZmwW6hojn5GN0xG199PDtfnlyt_Zg&oe=6AB3CE32
9,a:629d2be5-5ebc-4a87-88d5-cde454d42ede,Test - Solar5 - Copy,Arktek; Greentide; Greentide Backup,solar,4,1503,19,79,2026-07-08,2026-07-31,yes,yes,120248499350990083 120249500067490201 120250020866650152 120249909764780201,https://scontent-iad3-2.xx.fbcdn.net/v/t15.5256-10/742300974_1011806631453829_2840359338452916409_n.jpg?_nc_cat=103&ccb=1-7&_nc_ohc=vARENDlEerEQ7kNvwFkVN5F&_nc_oc=AdqOmlXsppAtxRtKrmKt2cAQ5YikjdHBRfc8zI2dBcG6gMxZOCFroUkY7d4xl1FoPSbaROW0Tv7JuFtYmRwS6QiA&_nc_zt=23&_nc_ht=scontent-iad3-2.xx&edm=AOgd6ZUEAAAA&_nc_gid=_JMQM73eJr_Hwb907Ub5gQ&_nc_tpa=Q5bMBQLpcWgRm_ksQry5ZXtzDMVSeJCLoG5fa7h8N8UNP8279aVem6JowMgM-IBHv9ti6RyyQsJiAW5vTA&stp=c0.5000x0.5000f_dst-emg0_p64x64_q75_tt6&ur=b696e2&_nc_sid=58080a&oh=00_AQL7HnzkQHlT-XNHlpE80f8q1xKcWZDri1EIpdV0sotN2g&oe=6ABF2261
10,c:933434549787762,Test - Test - Test - Test - 9k2 ad,Greentide; Greentide Backup,hp,5,1479,78,19,2026-07-25,2026-09-27,yes,yes,120250078095950201 120250396928610201 120250078095830201 120249989471260201 120250504803310152,https://scontent-iad3-1.xx.fbcdn.net/v/t15.5256-10/753772975_2789071658140538_6929101142399587244_n.jpg?_nc_cat=104&ccb=1-7&_nc_ohc=pPRimhiULxIQ7kNvwGCh9hP&_nc_oc=AdrCm192fw1n1HGFYJhcDgHiusZH_JEaeMkeSI0pA3ioD62iv-IR7Xf_9c_Y6qyINNkTWYl9WQ5UJXjjK_ltenq6&_nc_zt=23&_nc_ht=scontent-iad3-1.xx&edm=AOgd6ZUEAAAA&_nc_gid=hrD-nfg2qTdv4OfS46sQRg&_nc_tpa=Q5bMBQLCh_FA8SirMDnB9MKvgK4X1fB6zhOlcIu8jDueX4azZemzvWbZfLE41w-DzMdU5SHo-kPpdO6UCw&stp=c0.5000x0.5000f_dst-emg0_p64x64_q75_tt6&ur=b696e2&_nc_sid=58080a&oh=00_AQIvYbT4rbCmtrC6VCm_2JfnHIRjzWDtMZPtCxSwfjjmlw&oe=6ABF1D13
11,a:8e81dea6-82d8-46b6-92f7-465637fd83df,HP | WAD-A v1 - Battery + Inverter | 208,Helix Power Ltd,not set,1,1186,59,20,2026-07-06,2026-08-29,yes,no,52551997414318,https://scontent-lhr11-1.xx.fbcdn.net/v/t15.5256-10/739309372_1044996067973965_3304840144424913384_n.jpg?_nc_cat=106&ccb=1-7&_nc_ohc=38jpHQnomaMQ7kNvwHSwwWd&_nc_oc=AdqKfnI90UtXGcOJwCcCMiU7KlXTga1jOVq5yPozVj87Rr17z4CJ9bcjfee6Mg7RPDRyPsoc_FerEDtALIMjKnE7&_nc_zt=23&_nc_ht=scontent-lhr11-1.xx&edm=AOgd6ZUEAAAA&_nc_gid=pAweFddxxT9CrY_eOg7TXg&_nc_tpa=Q5bMBQIZQ2S_Fn_GIm9h06GSLI45GoE_h_zS9d5zk8zYnLPuFM7TTchVDqz-xHkVL3Q6AuW_AuvDu5lVUA&stp=c0.5000x0.5000f_dst-emg0_p64x64_q75_tt6&ur=b696e2&_nc_sid=58080a&oh=00_AQIRnuUPBZf_oiEdU1ZD1PbUiHkTigD68y7Q-arkJ8sTIQ&oe=6A983891
12,a:14f6a57d-f001-4113-b06e-4706b25ce56c,Ad4,Gas Worx; HQ Group; LJP Plumbing & Heating,hp/not set,3,1142,38,30,2026-06-29,2026-09-25,no,no,120253242150080079 120247689195140464 120249578916570306,https://scontent-iad6-1.xx.fbcdn.net/v/t45.1600-4/772521916_1990343735016978_4522872115946482736_n.png?_nc_cat=100&ccb=1-7&_nc_ohc=3KI_6MOKVGIQ7kNvwGIPlLn&_nc_oc=Adrut7gHI3M_8aoS2scnm5HDg7f7Gr1VtJeo72afFROd3782hL16FZZVM-Lr83DrHdSqOE3-cpoCDezHS7BhIM4s&_nc_zt=1&_nc_ht=scontent-iad6-1.xx&edm=AOgd6ZUEAAAA&_nc_gid=YdM-xyFHe8pFtexXXmDDWg&_nc_tpa=Q5bMBQLsDQIbPxMewrwmx2jya_icZYbGiVscCrkB246jTCIKqUA-LS_Da7ttrRQBSHv96aN4zEBEdFiRDg&stp=c0.5000x0.5000f_dst-emg0_p64x64_q75_tt6&ur=52f3c4&_nc_sid=58080a&oh=00_AQLbZ--3-BBwRQTbqQI_iEfePMzDyLXyKugPGqAZHT3Srw&oe=6ABF0297
13,a:565dc880-7205-4db7-88ea-536636a4090a,Test - Boiler image ad 1,Eco Green Upgrades,not set,1,1002,61,16,2026-07-08,2026-07-16,yes,no,120254389533530011,https://scontent-lhr11-1.xx.fbcdn.net/v/t45.1600-4/727814352_1949106265807392_6628385844850008284_n.png?_nc_cat=101&ccb=1-7&_nc_ohc=DGa73XSvVT0Q7kNvwE_CY13&_nc_oc=AdrOgZOeQ5AJ2CUCBduEhyE_fzGJvyXwDZXstNjZ30Xm4_4uDJ3Nv-a3gpdQyf2Jw6kTwEWKB2W4fSNOw2JCWaUn&_nc_zt=1&_nc_ht=scontent-lhr11-1.xx&edm=AOgd6ZUEAAAA&_nc_gid=dlnB1Jb_PGTTTWC6gJwRKg&_nc_tpa=Q5bMBQHCGdK6ZreMwQ3YF4TJ4rabOuArJqiQzIwxLicbz3mm-kfXRmJI7B12sxXCHzD5hTlLL9XqUOYxoQ&stp=c0.5000x0.5000f_dst-emg0_p64x64_q75_tt6&ur=52f3c4&_nc_sid=58080a&oh=00_AQAdUXUrvgdGraDpNJeSG6H1VONx8JlC1aI4wMytxkFEJw&oe=6A5E1BA7
14,v:713724420,Test - installervid,Greentide; Greentide Backup,solar,3,996,28,36,2026-06-29,2026-07-23,no,no,120248845416900152 120248883259490201 120249956475070152,https://scontent-lhr6-2.xx.fbcdn.net/v/t15.5256-10/714791920_1971592583495980_9137007721243103045_n.jpg?_nc_cat=109&ccb=1-7&_nc_ohc=2g2roHMSZpIQ7kNvwElBfsj&_nc_oc=AdofyiiOO8bqZFgKyJxn_4fT2M7RFQLKkFIS5ArYMxG8JyE0Jc33LPUtGigXsME5z-gD9E-t0a0bz9lkfE2OYLek&_nc_zt=23&_nc_ht=scontent-lhr6-2.xx&edm=AOgd6ZUEAAAA&_nc_gid=xxIPATmh880adpdghJiXLA&_nc_tpa=Q5bMBQGCUCMTNGiRtCahb_qAjFboutb5LNbS_wjU537lJKJtYmQHijrfRY5OstxTL8G2o3_1gUIRTd2Gcg&stp=c0.5000x0.5000f_dst-emg0_p64x64_q75_tt6&ur=5fad0e&_nc_sid=58080a&oh=00_AQHY0N_NyPLJJenB2dSibYp8KAvJXHrEyFXKM_iFe2XP5g&oe=6A7B2D04
15,upload:dfb58c12-7015-49dd-9563-52c617c12f8a,Test - Test - video1,Greentide; Greentide Backup,hp,2,988,36,27,2026-07-25,2026-09-27,yes,yes,120249989471120201 120250426349240152,https://scontent-lhr11-1.xx.fbcdn.net/v/t15.5256-10/755693100_1027713372981287_2128192680221249108_n.jpg?_nc_cat=101&ccb=1-7&_nc_ohc=63A-q_wllHgQ7kNvwF0T2Ao&_nc_oc=AdotjMVTezIvYCkvqI-UPVYzkxyB-hKg8-eKNOBWveVXNpc5foTTZ5M6ZjT-_eUWZy7kQlFXag-glGPIHYYVrJl5&_nc_zt=23&_nc_ht=scontent-lhr11-1.xx&edm=AOgd6ZUEAAAA&_nc_gid=6IohvR6DnaG0rFoe6iw7tQ&_nc_tpa=Q5bMBQLn_Qt_WVL02a1bRI7LCn8Rbkdm7XOTqIIZ2wOUOSQnQPDUBAQ_W3LcdTU-hCfq2-cJ7wzFwsZtfA&stp=c0.5000x0.5000f_dst-emg0_p64x64_q75_tt6&ur=b696e2&_nc_sid=58080a&oh=00_AQJhiIo7xfefi5raLQJZaSp-1QlYa_EyArTCPDMENpo8ww&oe=6AA01023
16,upload:aeb64015-1d56-4418-afdd-27e979112014,Test - Test - Test - Ad3,Arktek; SWH Electrical Solutions,solar,2,986,15,66,2026-09-14,2026-09-27,yes,yes,120249101936170576 120249725476710083,https://scontent-iad3-1.xx.fbcdn.net/v/t45.1600-4/807678068_2017115842339767_2502421055632842182_n.png?_nc_cat=104&ccb=1-7&_nc_ohc=2vNRI6U0u1AQ7kNvwGIjvqw&_nc_oc=Adq8difemqsYSxRazYKjJmK5KDXRQ8lPcEY2HJtqeWLSNxo_GHu3yL8q1TCh9a-TuFR-7XVIJtJnfgxap4x4Xij_&_nc_zt=1&_nc_ht=scontent-iad3-1.xx&edm=AOgd6ZUEAAAA&_nc_gid=KphNjuns2sGKLgVsRaVK5A&_nc_tpa=Q5bMBQIVOkEXPo9aDwLRuRo7pUdF0h6lVVmH_8XlFuQ7fjYlU3CAchrEtRYc2ZR2apjPswrl56FOP1wWuQ&stp=c0.5000x0.5000f_dst-emg0_p64x64_q75_tt6&ur=52f3c4&_nc_sid=58080a&oh=00_AQJZpt_CurynTQSD-OqNPS9Pz59zE4NAEk4lC8LV5_ZYHg&oe=6ABF02E3
17,a:4615c822-f854-4cd5-9069-caf641904215,hp1 - Copy 2,InstallrHub,not set,1,982,57,17,2026-09-03,2026-09-25,no,no,120250022035000731,https://scontent-iad3-2.xx.fbcdn.net/v/t45.1600-4/773121476_1991010998283585_869844226991882067_n.jpg?_nc_cat=111&ccb=1-7&_nc_ohc=C6dcMmVlaT0Q7kNvwF8BIzr&_nc_oc=Adpd3dfyiQFwXApoZsq0_cdV_kOemMSbKZCVqS5vjRKC3xlHEvFwzTSl6d6q69viLs0R7O-DrmZJfbBi1DwKYPkR&_nc_zt=1&_nc_ht=scontent-iad3-2.xx&edm=AOgd6ZUEAAAA&_nc_gid=PulLCBilRpwPKtZPrGOtIA&_nc_tpa=Q5bMBQIbM9824HfvI75_52yiBJ6wDrEtWPdS3GJ8xK7f_uSj7T-3XgJqFheo-WvdxbVr_-kSPyKKB09lCA&stp=c0.5000x0.5000f_dst-emg0_p64x64_q75_tt6&ur=52f3c4&_nc_sid=58080a&oh=00_AQLGWtVHB0KzUX8SYaWI-atcpc3JNeCIH-xVu0TQbDuWMA&oe=6ABF134D
18,a:047a26a6-f2b9-4f5a-9945-bf34e288ff77,Ad1,Gas Worx; LJP Plumbing & Heating; NIBE,hp/not set,3,937,40,23,2026-08-12,2026-09-27,yes,no,120253240476520079 120247684965450464 120250323839910238,https://scontent-iad6-1.xx.fbcdn.net/v/t15.5256-10/773013664_1367083948879742_3279172134920587149_n.jpg?_nc_cat=109&ccb=1-7&_nc_ohc=23r6GS3_uDEQ7kNvwHXE4Gh&_nc_oc=AdqFBmJwVZwsuZYfahXP7tSj6M16B-k9mbu06FVjBri8DMCrLza93aAJirrTDO3weDzHP5F-ntarUsymoYK7bsgM&_nc_zt=23&_nc_ht=scontent-iad6-1.xx&edm=AOgd6ZUEAAAA&_nc_gid=YdM-xyFHe8pFtexXXmDDWg&_nc_tpa=Q5bMBQJdqMLL-U632EgajYhGW2fByu2GY1SFNMz-1cwNJaEFNh9ocZ4O4uimXsYM0a94d9VA9exxF295Eg&stp=c0.5000x0.5000f_dst-emg0_p64x64_q75_tt6&ur=b696e2&_nc_sid=58080a&oh=00_AQKpCJUDXxMDUIis4scmQ_ZFHe7PNlSkmTQ5IYq3Fvi6pw&oe=6ABF263C
19,a:a68f47de-4e16-476d-ab18-3e15837c0160,VIDEO20,InstallrHub,not set,1,883,0,,2026-09-03,2026-09-27,yes,no,120250024889530731,https://external-iad3-1.xx.fbcdn.net/emg1/v/t13/14104361122784995220?url=https%3A%2F%2Fwww.facebook.com%2Fads%2Fimage%2F%3Fd%3DAQJaYYUiItqhQbg8KcyaVGt0x8YHgEYcm9gt0elfjdNx-g4mPyrfjecIfO6e2K4O4PxFafpZ8HSF-UNpR31eoukHm5RkRrlAvfz0cvOIYqgiZQlsBeUraXKaIbP3Mok59BafQ5Y5U2XTpYy6ew1aWyFY&fb_obo=1&utld=facebook.com&_nc_sid=58080a&_nc_ht=external-iad3-1.xx.fbcdn.net&stp=c0.5000x0.5000f_dst-emg0_p64x64_q75_tt6&ccb=18-1&_nc_gid=PulLCBilRpwPKtZPrGOtIA&edm=AOgd6ZUEAAAA&_nc_zt=3&_nc_tpa=Q5bMBQKt0Lw32SF6Lkq61CUmdB-reK7853ACEW_SPvaV7iBwShti-hmTuaKRcQIdvbgrCV7pk9upDOntcw&oh=06_Q3_DAZaza1SJl6Wp3MDhFWYmPzUxUon50pT-3_ll-g5YVv0T&oe=6ABB0A98
20,a:9589c4fb-387c-4ea9-8c58-945286d13f82,HP | WAD-D v2 - Battery + Inverter | 221,Helix Power Ltd,not set,1,871,55,16,2026-08-14,2026-08-29,yes,no,52557959001518,https://scontent-lhr11-1.xx.fbcdn.net/v/t15.5256-10/741395483_1523556869516274_4460748799753318524_n.jpg?_nc_cat=107&ccb=1-7&_nc_ohc=V30BR8D5_cgQ7kNvwFBt0P4&_nc_oc=Ado3ifUtT0aL7PzzmpdO5V4d9DZvK0to_AGgIOgfJxH38INWh5GLgQgsPk7s-HDaqsdK9NQCRndEiKZW-eKFpDMu&_nc_zt=23&_nc_ht=scontent-lhr11-1.xx&edm=AOgd6ZUEAAAA&_nc_gid=pAweFddxxT9CrY_eOg7TXg&_nc_tpa=Q5bMBQJVkJD-5ZgXPT92fa17dZuPL-1PHL7I1O1iD3y27cs15SGmDdhgHszuZk8MI0PfUTkMHVML8wfyYw&stp=c0.5000x0.5000f_dst-emg0_p64x64_q75_tt6&ur=b696e2&_nc_sid=58080a&oh=00_AQIA8Co2ZfFEVnVVMODjBD8N3DwNpzA2IHjcCdUOfJ8GjQ&oe=6A9815EA
21,upload:6eabc035-1a16-4259-a9cf-84923b390bbb,Test - Test - ad1,Arktek,solar,1,833,18,46,2026-08-29,2026-09-27,yes,yes,120249416784200083,https://scontent-iad3-1.xx.fbcdn.net/v/t45.1600-4/782021185_2001537287230956_4873731658262586069_n.png?_nc_cat=110&ccb=1-7&_nc_ohc=z9RBneijIZsQ7kNvwGEboMZ&_nc_oc=Adqzqnkum_154J8aVYvLe7LE5w1V3c0WHz7omaV2060xY_G5dmsDxezA2ofTBWwGeo8E9o2-L0I2mgxtD8NStoip&_nc_zt=1&_nc_ht=scontent-iad3-1.xx&edm=AOgd6ZUEAAAA&_nc_gid=_JMQM73eJr_Hwb907Ub5gQ&_nc_tpa=Q5bMBQJ_hJJrYZestTNxgSCL6fXsH8IZv3BtGqZ3ULOrVtYFl0JyoKiNflLqlAY4eo1gzljKvSBysl-XaA&stp=c0.5000x0.5000f_dst-emg0_p64x64_q75_tt6&ur=52f3c4&_nc_sid=58080a&oh=00_AQIDWOcJS81nLvi9eBsEldFXJipxtcVkRi_Wk2s2t8xIBQ&oe=6ABF165E
22,upload:abd4a413-3b61-441d-936a-f014f0bd38dd,Test - Test - ad1,Arktek,solar,1,751,11,68,2026-08-29,2026-09-14,no,yes,120249416784190083,https://scontent-iad3-1.xx.fbcdn.net/v/t45.1600-4/784590361_2001537213897630_1358328408807186326_n.png?_nc_cat=108&ccb=1-7&_nc_ohc=oXhRmeUsXIYQ7kNvwFOZhFi&_nc_oc=AdoyhC9V9JIchmlBZJ-uX7YveeCTR2JFsHw5llaBKEHHombbnMXgEM2I0MpkU8GKtvU4vwVDOXfxfXwMd3yBaGyn&_nc_zt=1&_nc_ht=scontent-iad3-1.xx&edm=AOgd6ZUEAAAA&_nc_gid=_JMQM73eJr_Hwb907Ub5gQ&_nc_tpa=Q5bMBQIXA0BZaNiP0M9etWEZfC6rJ-pdQfGd8qKcpc62B9HSHKKDqEZbRFqNQM821-Bu5PRvDMUO0e8nNg&stp=c0.5000x0.5000f_dst-emg0_p64x64_q75_tt6&ur=52f3c4&_nc_sid=58080a&oh=00_AQLw3DY1s8v2i2yCfG_VIVMRrzTOxUTTVvf7hD24aZRYHQ&oe=6ABF2758
23,upload:a664aa14-e588-4b08-bcfa-1aab2b79e9fb,Test - Test - Test - Test - ad1,Arktek; SWH Electrical Solutions,solar,3,748,19,39,2026-09-14,2026-09-27,yes,yes,120249725476610083 120249101936190576 120249655228760083,https://scontent-iad3-1.xx.fbcdn.net/v/t15.5256-10/810383855_943753041519359_1335568456671003383_n.jpg?_nc_cat=108&ccb=1-7&_nc_ohc=jNMd0YoGPC0Q7kNvwHqEaoX&_nc_oc=Adr4mfh5CzhIMPvYz1dSlwvpN9d5IiufZhdRVpC0FJ4BpmPgMdOixW_AL_s9IIGZO-uo6ql1uiy554BkXQExVKZr&_nc_zt=23&_nc_ht=scontent-iad3-1.xx&edm=AOgd6ZUEAAAA&_nc_gid=_JMQM73eJr_Hwb907Ub5gQ&_nc_tpa=Q5bMBQKkENNgxijuJrlDKDkmiXjZJtLj0l-TRu4_qZM5yv6t0xIXzKHTytFqgh3VxwVePodcnHo814tNdg&stp=c0.5000x0.5000f_dst-emg0_p64x64_q75_tt6&ur=b696e2&_nc_sid=58080a&oh=00_AQIb_vnh_CcWxdqDIFwMVY-voegZWD3V00bKkzQnWMB-Rw&oe=6ABF2A07
24,upload:11c170a0-a94d-4ce6-ac89-f140767e0b17,Test - Test - Video,Greentide; Greentide Backup; Retrofit Group,solar,11,675,5,135,2026-06-29,2026-07-26,yes,yes,120249180066520201 120246936998340125 120250362453590152 120249500067480201 120249179201460201 120249956475020152 120249258313710201 120249797497170152 120250152631620152 120250020866660152 120245690377290125,https://scontent-lhr11-1.xx.fbcdn.net/v/t15.5256-10/732178812_2573030053150892_1773079707708658694_n.jpg?_nc_cat=106&ccb=1-7&_nc_ohc=8Cmy8XtBcb8Q7kNvwEbuOxg&_nc_oc=AdqpCa8fbt2-VM0dNk4vet0gA9dPGWiXMC1HOTV0AbyTW6zl9zlgiy1MKJ5v-wVSe4yW2xFuzVg_2P1QCuDgkb7n&_nc_zt=23&_nc_ht=scontent-lhr11-1.xx&edm=AOgd6ZUEAAAA&_nc_gid=iBvBkVpFOtKmNCGYk_dwMQ&_nc_tpa=Q5bMBQJKjpnVeHKTZlwgt6MWkRXopph1lwOOsIJe2NGoKnU6BY5QnU8oxSaxcA2NAyyz3B9MjbbEHTilQw&stp=c0.5000x0.5000f_dst-emg0_p64x64_q75_tt6&ur=b696e2&_nc_sid=58080a&oh=00_AQIDtqiKaYm_U4GoymM6StyKhhWrwMC7PN5znh1AwifGWQ&oe=6AA00A7B
25,a:0cf48ecd-ecde-488e-bdef-a8fb51c0f58e,Test - 9k3,Greentide; Greentide Backup,hp,2,609,26,23,2026-06-29,2026-07-22,no,yes,120249085644780152 120249433232610201,https://scontent-iad3-2.xx.fbcdn.net/v/t15.5256-10/727558393_1326910456291983_8060070864638484888_n.jpg?_nc_cat=111&ccb=1-7&_nc_ohc=PKyP3Y-ARuYQ7kNvwEsCDlA&_nc_oc=Adr9E0n0APa2n9q50kXPs4fs52MUkPho34RZvGatQPLQgth00ECqcla0ALj1Z2wxdGChJA70suwrK2FsBBcARi_o&_nc_zt=23&_nc_ht=scontent-iad3-2.xx&edm=AOgd6ZUEAAAA&_nc_gid=bXNWzf2dvLSKROHEpOmPAQ&_nc_tpa=Q5bMBQKLP8dZFGmnNwbi1rPpstMASMXyt3hDrE3hAihwDkiivzYpmYvDMEInVq2nDKuwx9fhIgeDtyqDIQ&stp=c0.5000x0.5000f_dst-emg0_p64x64_q75_tt6&ur=5fad0e&_nc_sid=58080a&oh=00_AQKI9epVdciLb9XxlSlZ6nYrNlFVzLBwxzZg0HILVLgi2A&oe=6ABF187E
26,c:1304662724647802,Test - Test - 9k2 ad,Greentide,hp,3,608,25,24,2026-06-29,2026-07-25,no,no,120249180426900201 120249258671510201 120248818543790201,https://scontent-iad3-1.xx.fbcdn.net/v/t45.1600-4/730760214_1950590078992344_8709842586253345520_n.png?_nc_cat=101&ccb=1-7&_nc_ohc=RtE7Tb8C3TEQ7kNvwHuC483&_nc_oc=AdqPwXuZaiwlW9fPSbjnJc6jAbuQ0gvyZjxX4l7tVRLsRM07duEwUr-HxKBZEt0NFuiewv-ERqsjnYnjuq-WA3Ms&_nc_zt=1&_nc_ht=scontent-iad3-1.xx&edm=AOgd6ZUEAAAA&_nc_gid=hrD-nfg2qTdv4OfS46sQRg&_nc_tpa=Q5bMBQJx_ID28nnJJ2Kx-qsNTd7B8ypqx4uwduy-am-qiIfGGmbaSZREpQ4OXTSw3sViYI0PniUYZ5oXAw&stp=c0.5000x0.5000f_dst-emg0_p64x64_q75_tt6&ur=52f3c4&_nc_sid=58080a&oh=00_AQItGe4SvBn7LrHfUWTYTyvD2U3j5-lIu8YlV-VXfj_-Zw&oe=6ABF063D
27,a:451d63fe-433a-4952-83fe-1deac0c97c0d,Test - Solar5 - Copy,Arktek,solar,1,566,9,63,2026-07-17,2026-08-01,yes,no,120248499351040083,https://scontent-lhr11-1.xx.fbcdn.net/v/t15.5256-10/746058202_1321386493492526_1555135486216768142_n.jpg?_nc_cat=107&ccb=1-7&_nc_ohc=IjOoqeLKU3QQ7kNvwFXQR1-&_nc_oc=AdoEuBoflecpF-mJ0s8imC0IC-aBG1vIhGjAbTccf5F1lEUEK9rTayKHMzP6X0c0KFryCT5jXXtQ3lHuw8lqDsUT&_nc_zt=23&_nc_ht=scontent-lhr11-1.xx&edm=AOgd6ZUEAAAA&_nc_gid=W_DHJDHW_WhZ-C_8t6QlVw&_nc_tpa=Q5bMBQHE6xPuffQSgR_QOjAd9xaI0_aL6eggESuE_ObGMHAM629k2YzAV8lmJpRCmFzqpn_uzU28VPQBFg&stp=c0.5000x0.5000f_dst-emg0_p64x64_q75_tt6&ur=b696e2&_nc_sid=58080a&oh=00_AQHvVGUT5S1JT6fd1n40GdNMKs08iZn0yQUQW6AtkJu5ng&oe=6A735086
28,a:824486d3-d472-4afd-b49f-da137a337d0e,hp1 - Copy,InstallrHub,not set,2,520,10,52,2026-08-18,2026-09-03,yes,no,120249677969620731 120249677946470731,https://scontent-lhr11-1.xx.fbcdn.net/v/t45.1600-4/771455595_1991007901617228_2557449304027588295_n.png?_nc_cat=110&ccb=1-7&_nc_ohc=PhUoB6xqMs4Q7kNvwHrVF0s&_nc_oc=AdosiWz1-AjLc_B39jn2qWtOMaPu_Mvjn_51XSpn5GU5_XOhbRXs9djqGQosTUJV-GR_cMMfWTf8-p9brh7spRJW&_nc_zt=1&_nc_ht=scontent-lhr11-1.xx&edm=AOgd6ZUEAAAA&_nc_gid=JsE1RrS1jllXgejiB2zh1A&_nc_tpa=Q5bMBQJ-I543sGTHq8ouoPPC5I5q3muOWS4pqFjsur2zQ01oo8QIxIQstWnwT96G9IIcp2kj_LbPmFiV-A&stp=c0.5000x0.5000f_dst-emg0_p64x64_q75_tt6&ur=52f3c4&_nc_sid=58080a&oh=00_AQJqWC7qXH3ApBSkdrKFJmrYAOdycY0KNyO9tuZtdikW2w&oe=6A9FFC05
29,a:42a745a9-1a2d-45e7-9b72-186cabe4c0e1,video1 - Copy 2,Greentide; Greentide Backup,solar,7,520,8,65,2026-06-29,2026-07-22,yes,yes,120248871799500201 120247685344960201 120249956475100152 120249433464450201 120249656527640201 120248675788190201 120248394141050201,https://scontent-lhr11-1.xx.fbcdn.net/v/t15.5256-10/721223917_1168073629720167_323222699193012733_n.jpg?_nc_cat=110&ccb=1-7&_nc_ohc=OD0NSi4QD5oQ7kNvwGpoEZF&_nc_oc=AdoFJpuPCk6ik5Gf6jUL-5h3g65P3rIhwM445fJE9H70WHbXeXh6CCqMOvpSN09OKi8osaJmTN09K2DJtGFhGJhx&_nc_zt=23&_nc_ht=scontent-lhr11-1.xx&edm=AOgd6ZUEAAAA&_nc_gid=FllpOb8vAP3Izg26Hmlfnw&_nc_tpa=Q5bMBQLPqh1_ySlSs8U_rPr7OZznhgTuygncT5sB4lUD7ajfuYEQd_Hjm8RyoTXSZ5a_7gEGCS_HAmJPaQ&stp=c0.5000x0.5000f_dst-emg0_p64x64_q75_tt6&ur=b696e2&_nc_sid=58080a&oh=00_AQHC_XP46jKYnLKkfA-f7fFS-DodLhigw9_Yf-YWRyD0vA&oe=6A7EF9E9
30,c:2441524626342263,Test - Plain V1,Greentide; Greentide Backup,hp,2,513,14,37,2026-06-29,2026-07-07,yes,no,120243581593950152 120248816796130201,https://scontent-iad3-1.xx.fbcdn.net/v/t45.1600-4/654173188_1872480083470011_4416641485417156081_n.jpg?_nc_cat=104&ccb=1-7&_nc_ohc=hnxAwu1WXAYQ7kNvwEweVWa&_nc_oc=AdqlAJXiDpAXsWl_dhLA_b5bYYPhHBSi43MxQg02GUe9WMoSsKmO-xq1jvU1QAztbt0Sy-I0tj3Stmp3h0C44ibh&_nc_zt=1&_nc_ht=scontent-iad3-1.xx&edm=AOgd6ZUEAAAA&_nc_gid=bXNWzf2dvLSKROHEpOmPAQ&_nc_tpa=Q5bMBQJWx4Ikq1_xYKZUIRVtnM_IviQxadz3HD_hcLu2QoR8LxiDcMip6pk8cAqLHCtSRrTxLsWFrhOsuA&stp=c0.5000x0.5000f_dst-emg0_p64x64_q75_tt6&ur=52f3c4&_nc_sid=58080a&oh=00_AQKInYfnjAu7e49X75x7k4w2wG_m5eu5CgmMMyk8YsavLQ&oe=6ABF1606
31,a:5fc425ae-f950-4b98-b44c-44b10ca4e33a,HP | WAD-D v4 - Savings | 223,Helix Power Ltd,not set,1,443,10,44,2026-07-24,2026-08-13,no,no,52557959000918,https://scontent-lhr6-2.xx.fbcdn.net/v/t15.5256-10/739294958_5496743793883426_7973772409675622568_n.jpg?_nc_cat=109&ccb=1-7&_nc_ohc=h7tp7ZxBaAIQ7kNvwHA_INy&_nc_oc=Adrom-2ykzP_tA_MmpBxu0DVpegt-1PiD7r4VCaZILns6EUbj9v2s23uOk8vnvciFxIPBEgn6pmdjZoQGRZM0jZl&_nc_zt=23&_nc_ht=scontent-lhr6-2.xx&edm=AOgd6ZUEAAAA&_nc_gid=pAweFddxxT9CrY_eOg7TXg&_nc_tpa=Q5bMBQIJDFwL2JNwJ3uGjDSt0X-8xDJkxour4MYr8AWdW2bzZwUb1kEaI33FNLFgEHLpeAHjAeXqSZbl5g&stp=c0.5000x0.5000f_dst-emg0_p64x64_q75_tt6&ur=b696e2&_nc_sid=58080a&oh=00_AQLvxlyP7TisbpFL__vhezPN2UqwTGw00kKfbslVrDtc0Q&oe=6A982F53
32,upload:9bbcd6a5-fbae-4cac-9f3d-17fdc67e7a13,Test - Test - Test - ad1,Arktek; SWH Electrical Solutions,solar,2,443,7,63,2026-09-14,2026-09-25,no,yes,120249655228800083 120249101936180576,https://scontent-iad3-2.xx.fbcdn.net/v/t45.1600-4/807873230_2017093595675325_8810857962536385773_n.png?_nc_cat=103&ccb=1-7&_nc_ohc=HbUaeUIrF94Q7kNvwH2GA68&_nc_oc=AdrB408Dj6uZrcxOc6LgwF94fyDRHC7HSGnDNAevbVtgiJcr_p-56BtXtVLTb9DHbRIdmqe9lrtnPR75-1Bm8oxD&_nc_zt=1&_nc_ht=scontent-iad3-2.xx&edm=AOgd6ZUEAAAA&_nc_gid=_JMQM73eJr_Hwb907Ub5gQ&_nc_tpa=Q5bMBQKgQ2FJftQ-Txoug08Pm30mcAgzlgkzhI6cGUUbsUd3rqsBHHWj1FTnXZAsK7PLkcFsCzjfa_z2Tg&stp=c0.5000x0.5000f_dst-emg0_p64x64_q75_tt6&ur=52f3c4&_nc_sid=58080a&oh=00_AQKE2SgSB5OO9kGB9z1ipNS-cX6m5eGjnUco6TkYigygyQ&oe=6ABF0AB7
33,a:ec1b6a54-563c-48ec-a116-2566111ed30c,hp1 - Copy,InstallrHub,not set,1,402,7,57,2026-08-13,2026-08-26,no,no,120249677961730731,https://scontent-lhr11-1.xx.fbcdn.net/v/t45.1600-4/773121476_1991010998283585_869844226991882067_n.jpg?_nc_cat=111&ccb=1-7&_nc_ohc=fxJcwoO5kHIQ7kNvwH8CBjN&_nc_oc=AdrpENCG6fiDhnszX18sK2J6d7Uju5rJ07XMhgtRxpD-WMAB2QmpamwIfXz2I68biNfjFpc62Qp217wenquHP0aX&_nc_zt=1&_nc_ht=scontent-lhr11-1.xx&edm=AOgd6ZUEAAAA&_nc_gid=rKKfg4wHGcQ1WhR033c62g&_nc_tpa=Q5bMBQIsYfvd6cDhBWzmKBM8fr-EdqIP1vF8K1UC9P4Oopcg5rXDdcdbHSMpJ0xYmAy557H0a17RSWbzzw&stp=c0.5000x0.5000f_dst-emg0_p64x64_q75_tt6&ur=52f3c4&_nc_sid=58080a&oh=00_AQFb95pUOSYwqx2dndEhu3r2OGAwqyxFs-k1uigk_cqZ2A&oe=6A958C0D
34,c:1828820424944778,Test - Ad2,Gas Worx; Greentide; HQ Group,hp,3,379,9,42,2026-09-14,2026-09-27,yes,yes,120248248753770464 120251215319540201 120251974372970306,https://external-iad3-1.xx.fbcdn.net/emg1/v/t13/10197994226750439303?url=https%3A%2F%2Fwww.facebook.com%2Fads%2Fimage%2F%3Fd%3DAQJ9xm1pSlWmEYGfsv9n6kKspSw6F6MBxaf55lPw4zoSksY7hnNzPfoXtE4LG2EPysXhXSJUe6IXW_IHS0UnyxuKfQNYFbMDx2GpsJz7_kRKRgxJM-rN7wFnQTZAti0ChfZQMYavoLNJMP1EGkTHxY9X&fb_obo=1&utld=facebook.com&_nc_sid=58080a&_nc_ht=external-iad3-1.xx.fbcdn.net&stp=c0.5000x0.5000f_dst-emg0_p64x64_q75_tt6&ccb=18-1&_nc_gid=1YvblAJ6AnPHER7eN3tQxQ&edm=AOgd6ZUEAAAA&_nc_zt=3&_nc_tpa=Q5bMBQLMW8nlrYe2gebGWbyZLfT6o9g7ej0tnGH9oLG-oD47bzVNAnKOZWdatKmiOdCP-hhM8y7cKnQLaw&oh=06_Q3_DATvSfIfVtZqUReDs-gXlc0wWd8tRLBLJiwok3MBZh-K0&oe=6ABB2AAA
35,upload:b35659eb-d19b-4176-acb0-e5be640a3380,Test - Test - video1 - Copy 2,Greentide; Greentide Backup,solar,10,367,5,73,2026-06-29,2026-07-31,yes,yes,120249908732590201 120247685344940201 120249956475030152 120249433464460201 120249258313700201 120249909764800201 120248883259480201 120248675788110201 120248478693910152 120248394140940201,https://scontent-lhr11-1.xx.fbcdn.net/v/t15.5256-10/720822945_867208012514498_8764157996323978353_n.jpg?_nc_cat=107&ccb=1-7&_nc_ohc=KeJmIZHZz0wQ7kNvwFShGJB&_nc_oc=AdoI8pApPbuW_zWPlxrzBiAHLGqPm7dv3IBcMTWru-Hekd4_O1Kl_LvEQD621A5SRvLj9c42SE0f0sCtTwT2Pn_M&_nc_zt=23&_nc_ht=scontent-lhr11-1.xx&edm=AOgd6ZUEAAAA&_nc_gid=KOuN3R9Zvw6HnejQQxVwbg&_nc_tpa=Q5bMBQKKSaeYDXLXPZPcakN0dKvh6prQDO_8vYV5Hl5-_APT0QO0n8vFHh31Ywo1mfP327LqxKed55D-Dg&stp=c0.5000x0.5000f_dst-emg0_p64x64_q75_tt6&ur=b696e2&_nc_sid=58080a&oh=00_AQEn9ilJTPRhLdlrZWPOHnw4tCL8B1hhSRKB794kv3cWhQ&oe=6A7F0E37
36,c:4551174268485273,Test - Test - Test - Test - Test - image1 - Copy,Greentide; Greentide Backup; Retrofit Group,solar,4,361,3,120,2026-07-17,2026-07-31,yes,yes,120247163292570125 120249908732420201 120250077675620201 120250257793380152,https://scontent-lhr6-1.xx.fbcdn.net/v/t15.5256-10/752597121_1007715722147161_5508549749920690950_n.jpg?_nc_cat=103&ccb=1-7&_nc_ohc=t_OpJF0nJ7YQ7kNvwGWhBdC&_nc_oc=AdrfJ-PRSaxRJIB8_X7sqFj0Ct7uY3UdDmpgKH57yPXs7sCtqvdDXzDUO578IHZZRUE4nFcbTiYtBImfHGVRRokW&_nc_zt=23&_nc_ht=scontent-lhr6-1.xx&edm=AOgd6ZUEAAAA&_nc_gid=cKUCh69s2Cq_6gBtaXiy_A&_nc_tpa=Q5bMBQHQSvvL6n16VjfiytofKSZy-ajBlcVyk1uyzn9KVHclslKg-knJ-NM3qeUs3VqNKsOkZ1Ki0zvznQ&stp=c0.5000x0.5000f_dst-emg0_p64x64_q75_tt6&ur=5fad0e&_nc_sid=58080a&oh=00_AQCCxZJJAgamg4BPJdFvqEFYrqmuEhUqEawWlfszYGqaYw&oe=6A6F4530
37,upload:8a49f3ff-1da2-4ad9-b97d-dbcae2eba26d,Test - Vid1,Arktek,solar,1,354,5,71,2026-08-03,2026-08-26,no,yes,120248870627770083,https://scontent-iad3-2.xx.fbcdn.net/v/t15.5256-10/762080775_1553961756743826_5459448624716879942_n.jpg?_nc_cat=105&ccb=1-7&_nc_ohc=6MF_YJdkvjEQ7kNvwFGjLsL&_nc_oc=Adrpml3zO8AdCItvLblo7DyXJ4BgZVbBLbsZzE3KnA0xV7ollVhh9GdhuLuTzpud39OUzN7UKwVFI6CpxuObNhiX&_nc_zt=23&_nc_ht=scontent-iad3-2.xx&edm=AOgd6ZUEAAAA&_nc_gid=_JMQM73eJr_Hwb907Ub5gQ&_nc_tpa=Q5bMBQIDaKRD9yHZ26uzc-D-ROJEN5mQUpUn8KQqgIXeoLzv3blqYSJ88C0tjtQSsxWfL-wF57aX527XmQ&stp=c0.5000x0.5000f_dst-emg0_p64x64_q75_tt6&ur=b696e2&_nc_sid=58080a&oh=00_AQJ0yehHyLUzXdck6kWfWbtXfjKKDGXHE8qPvKlmgU94cQ&oe=6ABF03D3
38,a:394fd4ca-aed0-4b89-8b1d-7178b6a6e360,Solar-Static-ad-7 - Copy,InstallrHub,not set,2,321,3,107,2026-08-09,2026-08-18,no,no,120249569095390731 120249569971470731,https://scontent-lhr11-1.xx.fbcdn.net/v/t45.1600-4/766225094_1987642858620399_4505223588846924542_n.png?_nc_cat=100&ccb=1-7&_nc_ohc=n19XFgYHhKQQ7kNvwH32OYe&_nc_oc=AdrvfrDjvRLSGqUXVN2uvTfJz34KzeGh7oCV19_6Gg8zSZfyoQTURLb5qscHDyweAl-TTQk700VNvOZGvnQydgoP&_nc_zt=1&_nc_ht=scontent-lhr11-1.xx&edm=AOgd6ZUEAAAA&_nc_gid=JsE1RrS1jllXgejiB2zh1A&_nc_tpa=Q5bMBQLyPYbZYadIQnzdnPOZQb6PRqzncG2XGoBfEa5viuGYSido6aUg6jufMdi30wec9GbdF-1dqOY7fw&stp=c0.5000x0.5000f_dst-emg0_p64x64_q75_tt6&ur=52f3c4&_nc_sid=58080a&oh=00_AQK6WVxQ5OsTnMpM4RtOwA0jKnk0cAdtw87FJG4TbXEnGw&oe=6AA00ED1
39,a:9a3f646a-70c3-4eec-8488-59d123a26638,Vid2 - Copy,InstallrHub,not set,1,306,6,51,2026-08-11,2026-09-03,yes,no,120249627732860731,https://scontent-lhr6-1.xx.fbcdn.net/v/t15.5256-10/772373354_1389582006468755_6586601914646659403_n.jpg?_nc_cat=103&ccb=1-7&_nc_ohc=hvHezjJAyGUQ7kNvwGG76_S&_nc_oc=Adr6rlrwZYQ4DTHPQgimiAzq_HWdSfheT2olzbmtrW2UmrFs3fupEuml5Owh0qbVPiSblTUxhvIoAuq_ZgdNU6AG&_nc_zt=23&_nc_ht=scontent-lhr6-1.xx&edm=AOgd6ZUEAAAA&_nc_gid=JsE1RrS1jllXgejiB2zh1A&_nc_tpa=Q5bMBQLlaZ6LX4K7WUFAyzE-Z416YhOe_EoZIpgOdM-gzI78SppuMZXBp3lvR5QBjfGyOgLPfDFIR2_yKA&stp=c0.5000x0.5000f_dst-emg0_p64x64_q75_tt6&ur=7a3cc8&_nc_sid=58080a&oh=00_AQKiY6nTAGgb8BXtnjbvyqx28EYnRrLEa43tzNOXMYkZOA&oe=6AA00163
40,a:56e3c75c-cd87-435f-87f1-05cce4447191,Test - Test - video1 - Copy 2,Arktek; Greentide; Retrofit Group,solar,4,300,2,150,2026-07-13,2026-07-29,yes,yes,120249660496070201 120247163292580125 120249763773440201 120248608098210083,https://scontent-lhr11-1.xx.fbcdn.net/v/t15.5256-10/740012498_2109649843320511_1678121114367467819_n.jpg?_nc_cat=110&ccb=1-7&_nc_ohc=qLFQ_pqqMbQQ7kNvwEcaX9y&_nc_oc=Adove5GDKDw9wIU-IQ93gEW7EeU_CHehtWN3gbB_UT21aMb4ZHUW-h2hxuKbQEQiGygoDAy05ObgmjPPMBRFlOSU&_nc_zt=23&_nc_ht=scontent-lhr11-1.xx&edm=AOgd6ZUEAAAA&_nc_gid=KOuN3R9Zvw6HnejQQxVwbg&_nc_tpa=Q5bMBQLUZhf9hfobDq6AVfaH7-8iAb9CmoDoUd7imQs1qQQ1_mxp_UHc1e3t4ALngZUCXjyiBPJtAJ4U3Q&stp=c0.5000x0.5000f_dst-emg0_p64x64_q75_tt6&ur=b696e2&_nc_sid=58080a&oh=00_AQH9Tdf3gYGSWd_Pd6zSrWXpWhPZf9iqdqPtpZepW2UrAg&oe=6A7F2772
41,upload:ffc7ee05-9dbb-4058-bef1-871de3379287,Test - ad1,Arktek,solar,1,297,5,59,2026-08-26,2026-09-07,no,yes,120249365545670083,https://scontent-iad6-1.xx.fbcdn.net/v/t15.5256-10/787167883_1040762175254101_3669025807338092754_n.jpg?_nc_cat=102&ccb=1-7&_nc_ohc=JKM4lOaOAcIQ7kNvwEGOPQw&_nc_oc=AdoshBG-9CmxJuTeFWXXIVNxPtTUkXtUkYZDLSHpZFu3EIjJpuyqRQIbA8HGAZrNFPn0P874v5DL6KaTdOj3-nfb&_nc_zt=23&_nc_ht=scontent-iad6-1.xx&edm=AOgd6ZUEAAAA&_nc_gid=_JMQM73eJr_Hwb907Ub5gQ&_nc_tpa=Q5bMBQKtYw-hU1VmlbtehibpDdKDN5WIcWvhj-RzhGLTOJnxTR7MqqYwDRI7miK3jFW3XAcYGOVtjt-bRg&stp=c0.5000x0.5000f_dst-emg0_p64x64_q75_tt6&ur=b696e2&_nc_sid=58080a&oh=00_AQLsaS7gxrVGh_vkuNgeA2UEXFPlJmPAu0etG1V3EC3eKw&oe=6ABF2D66
42,a:f8e94ec9-a1ea-4e3d-a50b-c17ab17fd065,HP-Static-ad-1,InstallrHub,not set,1,295,2,148,2026-07-28,2026-08-08,no,no,120249284594660731,https://scontent-lhr6-1.xx.fbcdn.net/v/t45.1600-4/756302870_1977051989679486_4218986033495392450_n.png?_nc_cat=108&ccb=1-7&_nc_ohc=UZ2w1o60UDsQ7kNvwEoo1bM&_nc_oc=AdqkUPblU0V4_evr4-Nxwojp3_mXaesLNJStq7nFJs_7802fJFsEt3L4FZOTqz8lqoMPrGsA0uHO4kUbQuvXCtHW&_nc_zt=1&_nc_ht=scontent-lhr6-1.xx&edm=AOgd6ZUEAAAA&_nc_gid=JsE1RrS1jllXgejiB2zh1A&_nc_tpa=Q5bMBQKTImOCoIzs_suTU26Cw21Iu-VyUZ_sOFZIXq4RYTnVlZxlwVSqrCypzV-T1OEHi5ZudAdJs_RCOg&stp=c0.5000x0.5000f_dst-emg0_p64x64_q75_tt6&ur=52f3c4&_nc_sid=58080a&oh=00_AQLfrWhCvUcTbx7B0q6QW9ssCRuVcF_39Ax0R2pkFutA9Q&oe=6A9FF8AD
43,c:1743668536975396,Test - Test - Test - image1 - Copy,Retrofit Group,solar,1,289,3,96,2026-06-29,2026-07-13,no,no,120246437097670125,https://external-lhr6-1.xx.fbcdn.net/emg1/v/t13/11131992444951676825?url=https%3A%2F%2Fwww.facebook.com%2Fads%2Fimage%2F%3Fd%3DAQKxPjsV5b21xVSt6uJue-EAeUd5A8Bf-sdh2xoZX1q9TbQRe6JkEZyBvRJ4J5DpV05Go_YMLiRnK8VvcS0B7JA55eKFwgn3Ec38a2FT55wyLFjLWQkE_rEsNKlM5YT3JElDvhd5H3TcDkuIReVvIR-g&fb_obo=1&utld=facebook.com&stp=c0.5000x0.5000f_dst-emg0_p64x64_q75_tt6&edm=AOgd6ZUEAAAA&_nc_gid=cKUCh69s2Cq_6gBtaXiy_A&_nc_oc=AdqvsuKJLJd50fb3Ohxpz7iLwA24u8uhEP8w5QHxIts5YPD0xXCvLyEu45W8fEuE5PpsHPCkWW4_cia3xvmazius&ccb=13-1&oh=06_Q3_BAS580kL1Issgd_MfGezBaLKEJZcxEx2BzGndtcM4cVyL&oe=6A6B4FE3&_nc_sid=58080a
44,a:ea040167-6ca2-4c07-80ea-173a130bee9e,hp1 - Copy 2,InstallrHub,not set,1,274,9,30,2026-08-13,2026-09-03,yes,no,120249677969630731,https://scontent-lhr11-1.xx.fbcdn.net/v/t45.1600-4/773121476_1991010998283585_869844226991882067_n.jpg?_nc_cat=111&ccb=1-7&_nc_ohc=NpBB-N71wEMQ7kNvwFXhick&_nc_oc=AdpwSADAlJ8Cyz56krxVhqIFXKKOOtSpa0onp-BItpEs_rc_3-jnpwxtBuj-BMG6jfPXmcP2OkFfBXjpiHlHf6CG&_nc_zt=1&_nc_ht=scontent-lhr11-1.xx&edm=AOgd6ZUEAAAA&_nc_gid=JsE1RrS1jllXgejiB2zh1A&_nc_tpa=Q5bMBQJLJlhLN8iXdxriTT6ttfT--2RJtJaQJv_WEPRywvLmR_9fx307gw0Knnoz3jCeVxNdgTdkBoSA6Q&stp=c0.5000x0.5000f_dst-emg0_p64x64_q75_tt6&ur=52f3c4&_nc_sid=58080a&oh=00_AQIKY4RKtuYA3C-ZqhXciwH9bLiX7qQtNz_YZLCa07zwqw&oe=6AA0180D
45,upload:fa15a2ab-eeee-4f6a-8fe4-0149a1718b51,Test - ad1,Arktek,solar,2,274,5,55,2026-08-26,2026-09-05,no,yes,120249365545630083 120249365472510083,https://scontent-iad6-1.xx.fbcdn.net/v/t45.1600-4/785646023_2001537303897621_6008778511445373095_n.png?_nc_cat=102&ccb=1-7&_nc_ohc=Cq8BhZFq-V0Q7kNvwG-D_3x&_nc_oc=Adq4k7nb9USn4s_WuBduT1xW0r78zlNhTDAsZfwj4RjQE9lJfoN2FjXcgzvdHQuxcAR8sr0SM4f4sqMwrK2gm6o3&_nc_zt=1&_nc_ht=scontent-iad6-1.xx&edm=AOgd6ZUEAAAA&_nc_gid=_JMQM73eJr_Hwb907Ub5gQ&_nc_tpa=Q5bMBQIPOgF5k_aloiDQsqnaKKFQrOWpJLq9_smpIClcmThwc_RRRDeHlu_5HGY92EKEOJKgJBdylnoJwg&stp=c0.5000x0.5000f_dst-emg0_p64x64_q75_tt6&ur=52f3c4&_nc_sid=58080a&oh=00_AQLCAGs-dWPPosXAHQILAmjnvjGKg5jpVu4309ftSNPPcw&oe=6ABF0A59
46,upload:facb2810-a1c8-4b2d-9028-6ab053032b57,Test - Test - Test - image1 - Copy,Retrofit Group,solar,2,263,2,132,2026-06-29,2026-07-19,no,yes,120246776269420125 120245741312610125,https://scontent-lhr6-2.xx.fbcdn.net/v/t15.5256-10/724782429_1742898123673118_1376081084380821877_n.jpg?_nc_cat=107&ccb=1-7&_nc_ohc=Eduah4HOrwgQ7kNvwHcruf-&_nc_oc=AdrONB7YZ5iNopnlCTtTaLSi1jS09wTX5OKGaeIgVEiDD1UFPhQCULBFb_4g4Cw2fItIVN7viGo55vBN-PQudT4-&_nc_zt=23&_nc_ht=scontent-lhr6-2.xx&edm=AOgd6ZUEAAAA&_nc_gid=cKUCh69s2Cq_6gBtaXiy_A&_nc_tpa=Q5bMBQFPRWVAKrh5z95suvkb9Ka8YXBqowcA1VzBwwsu4xVPAbVyT3DfmePaIP-_Ly-nF2V5pla04zz-jg&stp=c0.5000x0.5000f_dst-emg0_p64x64_q75_tt6&ur=5fad0e&_nc_sid=58080a&oh=00_AQB0qr5IzjuTJQGkW0TdgVxDYBNG3-QyPJNssbHaAf6M3A&oe=6A6F2C50
47,c:1355612483176153,Test - Test - 9k1,Greentide Backup,hp,2,260,11,24,2026-07-03,2026-07-29,no,yes,120250017759370152 120249877010290152,https://external-iad3-1.xx.fbcdn.net/emg1/v/t13/7966894902043076209?url=https%3A%2F%2Fwww.facebook.com%2Fads%2Fimage%2F%3Fd%3DAQKBGASB3CRLyx_KeP2-iWR-_RuMiIY1_Ig_nKcndWEpWfg3m6K9E6PEGYrQWR9Pd5JLnpmpG_ZnEPw5otfwdgIlij0qnpbuv2xZY7IOe6AqpAs-3QIh5dF4eTuMwytuvnZ2BhqL034KciQ_DnzqK5RW&fb_obo=1&utld=facebook.com&_nc_sid=58080a&_nc_ht=external-iad3-1.xx.fbcdn.net&stp=c0.5000x0.5000f_dst-emg0_p64x64_q75_tt6&ccb=18-1&_nc_gid=bXNWzf2dvLSKROHEpOmPAQ&edm=AOgd6ZUEAAAA&_nc_zt=3&_nc_tpa=Q5bMBQJYy1zdQrYJP0VdwZjOxVY3m0crAvu5f7DQCxScgNOV2BxkS2Zj7RBr2j6LIPG7tVx6yRw9TU8Uqg&oh=06_Q3_DAZ_-pv-7KvY6n55w1xROhtRXCjKlqw1nN7FVI241N-C5&oe=6ABB1E33
48,a:89a60cca-e5fa-4551-a5c8-9d10c6f6d598,Test - Test - video1 - Copy 2,Greentide,hp,4,254,4,63,2026-07-06,2026-07-29,yes,yes,120249500429450201 120249433232680201 120249462156380201 120249432828060201,https://scontent-lhr11-1.xx.fbcdn.net/v/t15.5256-10/740183746_1025971443364184_5676654974912355174_n.jpg?_nc_cat=101&ccb=1-7&_nc_ohc=ziSRfJO4IVQQ7kNvwGqXyQm&_nc_oc=AdqnTKQdH3u6wfKqMKdhAD4MDkzBn6iWLa8GOJ1Rr-HyHLQhmKUpf027y_IAcsaGAWPvWb9iguzgTMkemvsywsTS&_nc_zt=23&_nc_ht=scontent-lhr11-1.xx&edm=AOgd6ZUEAAAA&_nc_gid=6IohvR6DnaG0rFoe6iw7tQ&_nc_tpa=Q5bMBQLw6UQCymIRq0ZYi6jVaeMVeXi6tNjH1o3hpqZecFKk7-sNwyOz6AF0FtU_3CdD_1sgoMN2ys3I3g&stp=c0.5000x0.5000f_dst-emg0_p64x64_q75_tt6&ur=b696e2&_nc_sid=58080a&oh=00_AQKnMPe_ARMDg7kriHop6i7zE4ck6NH21DXt2FHspajafA&oe=6AA0094B
49,a:08fb4756-5fad-4c4d-b6f2-ad2d0eea2a43,Funnel Static 1,InstallrHub,not set,1,251,1,251,2026-08-04,2026-08-11,no,no,120249444661400731,https://scontent-lhr11-1.xx.fbcdn.net/v/t45.1600-4/764639695_1983427792375239_3020427141770569076_n.png?_nc_cat=111&ccb=1-7&_nc_ohc=ooVwWmTc8jwQ7kNvwGJtcNZ&_nc_oc=AdpqHuVlubdswK6V9DV00zwJXsJMGDXuatVELGIQbE6vSrYZbxKQKakgwOWyJV-c8FTxgcqBgMzxu8J_67dxaAA3&_nc_zt=1&_nc_ht=scontent-lhr11-1.xx&edm=AOgd6ZUEAAAA&_nc_gid=rKKfg4wHGcQ1WhR033c62g&_nc_tpa=Q5bMBQLQx-a3a7Rw7am-nYsLVhnpuVeevpJRkQdzLlx_go4GBni_LajfU-xntk_VZ6SBbfrczdURZxzYUA&stp=c0.5000x0.5000f_dst-emg0_p64x64_q75_tt6&ur=52f3c4&_nc_sid=58080a&oh=00_AQGlEknmHqkQkkL_wRormaIaR-kfg0w9qL-SyDQe-7ZSDA&oe=6A959255
50,upload:4d7107c7-4773-40e0-adda-659129e02ad8,Test - Test - Test - image1 - Copy,Retrofit Group,solar,1,248,2,124,2026-07-08,2026-07-21,no,yes,120246776269410125,https://scontent-lhr6-1.xx.fbcdn.net/v/t15.5256-10/742876241_1763865311640049_8960252999498605880_n.jpg?_nc_cat=103&ccb=1-7&_nc_ohc=XNKuriLmuFYQ7kNvwFoa03d&_nc_oc=AdpKrtNQXSxLCtlzL5anE3GdhlP4EC2AkSP2Fy0iEEIxujK8YLl-vbxNwB5V7Dhjxwu_NwuX6w-LuGBwZu39nbJB&_nc_zt=23&_nc_ht=scontent-lhr6-1.xx&edm=AOgd6ZUEAAAA&_nc_gid=cKUCh69s2Cq_6gBtaXiy_A&_nc_tpa=Q5bMBQECj82KCcwc31L77EiP1B6868GP3uqWmGdgF1sXvLWCxnhg8deAaq66gWXIvcqEtKaxWLyZWogQ5A&stp=c0.5000x0.5000f_dst-emg0_p64x64_q75_tt6&ur=5fad0e&_nc_sid=58080a&oh=00_AQCR2OWVUQAW8nMF8B8Jq-RSB7LBl4b7ywerlO6qnHQwQw&oe=6A6F3223
51,a:2d478ed0-0811-48e9-839c-f07265b9ef28,Test - Test - Test - Test - image1 - Copy,Retrofit Group,solar,1,246,3,82,2026-07-13,2026-07-29,yes,no,120246936998310125,https://external-lhr6-1.xx.fbcdn.net/emg1/v/t13/6844476650119279126?url=https%3A%2F%2Fwww.facebook.com%2Fads%2Fimage%2F%3Fd%3DAQJ57ykP5b1EET9puY5xFpN9lTuaHaqysFIWugTfYwnbZIVsLOg1V_Sj_ytwb6NzRnbMnBAbtqss0E5Y0Hb0fAc6juWK7LQPswf3UwWhb_0ii92YHk-y9XWbW8G_NFqhdRGSiMUhbuE26SnwKbujOA94&fb_obo=1&utld=facebook.com&stp=c0.5000x0.5000f_dst-emg0_p64x64_q75_tt6&edm=AOgd6ZUEAAAA&_nc_gid=cKUCh69s2Cq_6gBtaXiy_A&_nc_oc=Adrg7sVEySmwcuTMz3I8V1rmiWIjWl7fs_UMLeSQLAw7m-0xENrty338-hGAqmKijYCV9rsjg3Bp7lyjWLN56XQy&ccb=13-1&oh=06_Q3_BAalhNcpkl5gxk47Whetv5CBLtdHLgOK0sKUcub1zGsII&oe=6A6B59F1&_nc_sid=58080a
52,a:8cf256cc-63b9-4031-bfcc-df41ee48425e,HP | WAD-A v3 - System Overview | 212,Helix Power Ltd,not set,1,243,6,40,2026-07-24,2026-08-12,no,no,52557958998718,https://scontent-lhr6-1.xx.fbcdn.net/v/t15.5256-10/739335374_1034691112341240_5100032893123361873_n.jpg?_nc_cat=103&ccb=1-7&_nc_ohc=HLg8l3th3kcQ7kNvwEOmpDr&_nc_oc=AdraCsf0KGikbsahIglBOaGIwIYOWVrgzu7AhI7q2b71NXjNqQs0KGMxZ_aiRsnbVZc2SMY2iMh_IjZ2URj2juMc&_nc_zt=23&_nc_ht=scontent-lhr6-1.xx&edm=AOgd6ZUEAAAA&_nc_gid=pAweFddxxT9CrY_eOg7TXg&_nc_tpa=Q5bMBQIQKkzQehgOCZ5ImeKQ8nO_O-miHyhdRQHjI-KvsqQfKUNkVqh2aYwBnbLFjUsXrdOKVn20upsR2g&stp=c0.5000x0.5000f_dst-emg0_p64x64_q75_tt6&ur=b696e2&_nc_sid=58080a&oh=00_AQLjObnSDzlKmCueQ1Sx_IK3iqThhIS6qn7s_MUb8gI5Og&oe=6A9833A1
53,c:1830492287924362,Test - Test - Solar5 - Copy,Arktek; Greentide; Greentide Backup,solar,3,229,2,115,2026-07-25,2026-08-03,yes,yes,120248762813050083 120250504861440152 120249989123480201,https://scontent-iad3-2.xx.fbcdn.net/v/t45.1600-4/753671622_1978616706189681_6211660971013143690_n.jpg?_nc_cat=111&ccb=1-7&_nc_ohc=A12xElE1vaUQ7kNvwGA8b8f&_nc_oc=Adq4gT4vcLMZEZvIhF40OsLCbfh-QXDRP1eC4gAh3U03XoPCnFSz17yKgYtmsnymwshOJ8uv8AkHsMoQ_IPE_Lb5&_nc_zt=1&_nc_ht=scontent-iad3-2.xx&edm=AOgd6ZUEAAAA&_nc_gid=_JMQM73eJr_Hwb907Ub5gQ&_nc_tpa=Q5bMBQITTdVRNi3wlJneaoGxgxTU8fW3IYtnVFd05dIIFBEqnJFQ8gNUWhlUVpAxhIouLPrqo6IlWorosg&stp=c0.5000x0.5000f_dst-emg0_p64x64_q75_tt6&ur=52f3c4&_nc_sid=58080a&oh=00_AQIRAYqAF3X6m0rkO_xAmq_Ugr_S5tkGi2epFeO_h1A0oA&oe=6ABF07C2
54,a:321e4bf5-7693-4441-a9db-3aa1cf1c829d,HP-Static-ad-2,InstallrHub,not set,2,224,1,224,2026-07-28,2026-08-08,no,no,120249284620360731 120249338493380731,https://scontent-lhr11-1.xx.fbcdn.net/v/t45.1600-4/756535460_1977051893012829_2700635991816092568_n.png?_nc_cat=110&ccb=1-7&_nc_ohc=6qgooav-fOYQ7kNvwHHx67t&_nc_oc=Ado572gRGesVZRYd4OPgoIMg2BslyjR5fVRG_2uDaNynMNCho_u3PH8-8H4s_jsmdJ-8FRdnADDzN68kQ0Qsv4YF&_nc_zt=1&_nc_ht=scontent-lhr11-1.xx&edm=AOgd6ZUEAAAA&_nc_gid=JsE1RrS1jllXgejiB2zh1A&_nc_tpa=Q5bMBQI19ZWvkEeJ75qT3OMJUy457P9yiezi1wJc8K54RJlQJGUoeuMkkES_ELb-l2XwPytJB9cmCSHzag&stp=c0.5000x0.5000f_dst-emg0_p64x64_q75_tt6&ur=52f3c4&_nc_sid=58080a&oh=00_AQLD2mCfyJbXGwLwQJisc83lrt3b1ouGSLuWGOmpk1YaDw&oe=6A9FFE25
55,a:e0f7db97-fc29-422d-ac16-2e994edfffc6,Funnel Static 5,InstallrHub,not set,1,201,1,201,2026-08-04,2026-08-09,no,no,120249444696050731,https://scontent-lhr6-1.xx.fbcdn.net/v/t45.1600-4/763726065_1983427832375235_2406343504266155407_n.png?_nc_cat=102&ccb=1-7&_nc_ohc=ZdGpIxZIVXsQ7kNvwGgNUfo&_nc_oc=Adq8BP3tGjKe_5YHXF81hOJ06gzpBCA4eXqLSt_fPSyniSm8VML9_Aq1ZYvv4zFE_2loU91xKpP6AA3QXOnlDoWq&_nc_zt=1&_nc_ht=scontent-lhr6-1.xx&edm=AOgd6ZUEAAAA&_nc_gid=rKKfg4wHGcQ1WhR033c62g&_nc_tpa=Q5bMBQLf3SOchL_T85SSqyKI-jrEXXjYtQ1HiDC1HV-QQcR7L6reeV_6B0tUNcxIOOvWSUGU2bFdEeA44Q&stp=c0.5000x0.5000f_dst-emg0_p64x64_q75_tt6&ur=52f3c4&_nc_sid=58080a&oh=00_AQHMqPNPITfb_7W7uUucp38ffeZbjboW2EO_xFIE3stasQ&oe=6A958EA2
56,a:411f8ef6-3be6-455e-bf60-3919dd090773,Review-ad-1 - Copy,InstallrHub,not set,2,196,1,196,2026-07-31,2026-08-16,yes,no,120249363820290731 120249361037590731,https://scontent-lhr11-1.xx.fbcdn.net/v/t15.5256-10/760472028_4436334259989073_6563105153165639512_n.jpg?_nc_cat=104&ccb=1-7&_nc_ohc=wUjzkaNu-JMQ7kNvwHTPrNj&_nc_oc=Adp4bbHh5HfmBIQhR1m9uX-ho6FmJPFBhcXagPimAI6bV5pUZn2YP3YtLpFA1xd7GGaGHcW6rLkWXAnOsB6amIiV&_nc_zt=23&_nc_ht=scontent-lhr11-1.xx&edm=AOgd6ZUEAAAA&_nc_gid=JsE1RrS1jllXgejiB2zh1A&_nc_tpa=Q5bMBQKMx8eHbLAowRNPq3PUmOS_RUIzOQE125wmf_e6IUZBNq9nKdEfKtS23LXOCbHCaymABVgnJCu8xA&stp=c0.5000x0.5000f_dst-emg0_p64x64_q75_tt6&ur=b696e2&_nc_sid=58080a&oh=00_AQKRceJsPkUyTebFzD6eKkURp2iY1c1k8YWE88-qgFoZUA&oe=6AA022F8
57,a:2c8d586a-9268-4c14-9ea2-b3c8a7f3563a,HP | WAD-D v1 - My House System Overview | 220,Helix Power Ltd,not set,1,193,4,48,2026-07-24,2026-08-06,no,no,52557958999118,https://scontent-lhr11-1.xx.fbcdn.net/v/t15.5256-10/741495169_2129230527624127_6699952291497068_n.jpg?_nc_cat=104&ccb=1-7&_nc_ohc=WCxOjTyiymUQ7kNvwGX_re1&_nc_oc=Adqajyf1-4PWRxxTcMujpg0apoGju3HIB8uKQg934tihbK6Ba-BYWFW6fpLySnYdPxlPRMaDcko6hHWKyQZictaC&_nc_zt=23&_nc_ht=scontent-lhr11-1.xx&edm=AOgd6ZUEAAAA&_nc_gid=pAweFddxxT9CrY_eOg7TXg&_nc_tpa=Q5bMBQKyNaQ_JgTCx26WU51vMbqCGA_9-PKffm41PsnSDUU1F9WRy10eqmaHiM09rJ07plLKLtkR-QznPw&stp=c0.5000x0.5000f_dst-emg0_p64x64_q75_tt6&ur=b696e2&_nc_sid=58080a&oh=00_AQLA77wVPa6J2hO72o8DwkhCIU0CQl8KOV0ZbSS-AGoEJw&oe=6A981A6F
58,a:f510bbe0-61ba-4e15-bf83-334e5fb13dd1,Test - Test - Solar5 - Copy,Arktek,solar,1,183,2,91,2026-07-29,2026-08-03,no,no,120248762812780083,https://scontent-iad3-2.xx.fbcdn.net/v/t15.5256-10/760352267_2269773820430687_2275459879827139001_n.jpg?_nc_cat=111&ccb=1-7&_nc_ohc=QZ45bRkBpk0Q7kNvwHssoL7&_nc_oc=AdoCng_FYe_ARLDFwrnEPmAuuQtF1MZxqX3mNWOKqUwoUVD6BfBod7cYGeqW-aZkpwi6HXpr0_JhXpMVFVMHlvIw&_nc_zt=23&_nc_ht=scontent-iad3-2.xx&edm=AOgd6ZUEAAAA&_nc_gid=_JMQM73eJr_Hwb907Ub5gQ&_nc_tpa=Q5bMBQIuyus7P8b5uhULJtt99pI6KDtyiq9cV4NpfLQmwmsFpCubpnrLbAukSrstlwglOYShmXoXdMGCIQ&stp=c0.5000x0.5000f_dst-emg0_p64x64_q75_tt6&ur=b696e2&_nc_sid=58080a&oh=00_AQLfOmYRtmWy-cn9-8QxJ9x9QtsB_pzMwyKMdB0lZgcysw&oe=6ABF21B0
59,a:e60deaf9-dbb4-484a-a7e6-a43b3d7361cc,Solar4,Arktek,solar,1,182,2,91,2026-07-15,2026-07-17,no,no,120248305335500083,https://scontent-iad6-1.xx.fbcdn.net/v/t45.1600-4/745714542_1963949177656434_6864695304476985247_n.png?_nc_cat=109&ccb=1-7&_nc_ohc=hPkOoZRzi1oQ7kNvwEfB7Wg&_nc_oc=AdrCF66-f7W03kmdYW0HkQXwNGzjzX-7Srb--EKggE7__8D_O8hR8dII-zmF1zDMrm3kFhQuQBS305qF5frBWTTS&_nc_zt=1&_nc_ht=scontent-iad6-1.xx&edm=AOgd6ZUEAAAA&_nc_gid=_JMQM73eJr_Hwb907Ub5gQ&_nc_tpa=Q5bMBQIcygMF_9Us008G84m8UOlLJe2GUUzeLupc6Pt1Wt_m7DvplC4tLAWC1K4Je8Me4e6iwZ6L745Tzg&stp=c0.5000x0.5000f_dst-emg0_p64x64_q75_tt6&ur=52f3c4&_nc_sid=58080a&oh=00_AQJBrUQDue-8_4fUxfcOUmCb3_P7--XFqixZ2H2LNZtsJw&oe=6ABF099D
60,a:4f21210c-a09f-4a1b-8b23-a0f4535a2ba5,Solar-Static-ad-7,InstallrHub,not set,1,178,1,178,2026-08-02,2026-08-09,no,no,120249291414850731,https://scontent-lhr6-1.xx.fbcdn.net/v/t45.1600-4/756535457_1977757569608928_5651496490729301167_n.png?_nc_cat=103&ccb=1-7&_nc_ohc=lZNcPwH-4kAQ7kNvwG6pC_k&_nc_oc=Adr6q6VvjVOqHhCROEnvqF3COedLYw8-Oj9FJ_zsjlIcBxbRcbrRtzIScGLrHqmbk8srvaYmdv4X8XOvCGha85Ds&_nc_zt=1&_nc_ht=scontent-lhr6-1.xx&edm=AOgd6ZUEAAAA&_nc_gid=JsE1RrS1jllXgejiB2zh1A&_nc_tpa=Q5bMBQJRm8p0yA4aBSm2YWXkQ67DngEgFLdhQp-syUDxI2i6KemcAufWm63GjJqGwcjaJbY3i6a56YhwYQ&stp=c0.5000x0.5000f_dst-emg0_p64x64_q75_tt6&ur=52f3c4&_nc_sid=58080a&oh=00_AQK88TfCNzXjoLOByKcNg9o8CME_rcIAxSJDj48VpcVpeA&oe=6AA000CF
61,a:e41783e0-c068-459a-9ea1-1ac68aa9b8d7,Test - Ad3,SWH Electrical Solutions,solar,1,176,3,59,2026-08-27,2026-09-27,no,no,120248783828020576,https://scontent-iad3-2.xx.fbcdn.net/v/t15.5256-10/787681159_1574806000718781_8658442529394828163_n.jpg?_nc_cat=105&ccb=1-7&_nc_ohc=hNInAWvrpiEQ7kNvwGxOQ-z&_nc_oc=AdrqNwalmAiSH7OVvy6OFB9G4wmjfTEecAygbXhGdAxuXYV6wM8CsDr_Rw3CZNr9wKiJgQWGxScEY_ohWOgAchJM&_nc_zt=23&_nc_ht=scontent-iad3-2.xx&edm=AOgd6ZUEAAAA&_nc_gid=KphNjuns2sGKLgVsRaVK5A&_nc_tpa=Q5bMBQJANM5jZWksGLEbxY3Wk-c3lkx4KyztVK78rGMFTAtvTf8twtY86O_piAVKsvuJB7YOw2iMBdQBHQ&stp=c0.5000x0.5000f_dst-emg0_p64x64_q75_tt6&ur=b696e2&_nc_sid=58080a&oh=00_AQLtgv4LmORJebgmot07WZHvTLItwy7-6ZUttNXBBp9PGQ&oe=6ABF2C26
62,a:4c774fd7-8c5b-488f-ac35-842ff7b43364,Solar-Static-ad-7 - Copy 3,InstallrHub,not set,2,169,1,169,2026-08-09,2026-08-16,no,no,120249569180840731 120249569971490731,https://scontent-lhr11-1.xx.fbcdn.net/v/t45.1600-4/769133550_1987642831953735_3704409643600661514_n.png?_nc_cat=100&ccb=1-7&_nc_ohc=IzMPTAccY90Q7kNvwGYLbf8&_nc_oc=Adq-6jFj7-ZH0eYVzDLU6in_Ga9pY2vpqge5wSwbCPvMZJnLEaO5H8QQp0RUdRrk6kW3DCFgAXWEZw5ub5P2MQaa&_nc_zt=1&_nc_ht=scontent-lhr11-1.xx&edm=AOgd6ZUEAAAA&_nc_gid=JsE1RrS1jllXgejiB2zh1A&_nc_tpa=Q5bMBQIX7X8a6tDfhMOYymkXfCllwZJZSmEXY5uHEomLlsB5BoaDgJw5xP9n56o1NIjf6xmu3UDdAgq7tw&stp=c0.5000x0.5000f_dst-emg0_p64x64_q75_tt6&ur=52f3c4&_nc_sid=58080a&oh=00_AQJauKK7gB5F7Jftw5lKHDGFuqT7vFKzcR5xL5NnyCi85w&oe=6AA01DD0
63,a:6b431f83-c6d6-4d8b-89d7-cb31d7f8c8e9,Funnel Static 3,InstallrHub,not set,1,162,1,162,2026-08-07,2026-08-09,no,no,120249444547030731,https://scontent-lhr11-1.xx.fbcdn.net/v/t45.1600-4/760264063_1983427802375238_2250404820494603231_n.png?_nc_cat=107&ccb=1-7&_nc_ohc=AU6Zpg-BDEUQ7kNvwHzEtQv&_nc_oc=AdqUKg-fCU-ZH5iy98TvWRAInnKgL0LpjkE-ZQHryRvExhpP1EopPsWXuwL2KSSfLguFa6kAk8fRmi6W9GyqyRYN&_nc_zt=1&_nc_ht=scontent-lhr11-1.xx&edm=AOgd6ZUEAAAA&_nc_gid=rKKfg4wHGcQ1WhR033c62g&_nc_tpa=Q5bMBQIvAt5Qmfc8X1ON17nLHL766iFhhhe_VWjBCeZJBAUaG5mB-m4eB8Pk_cOrfWDaw04pMBYbiE2WSQ&stp=c0.5000x0.5000f_dst-emg0_p64x64_q75_tt6&ur=52f3c4&_nc_sid=58080a&oh=00_AQFOKQJWAPPUNzz_43kilKpa8F08Y2FvFcX3FQrkML2aRg&oe=6A9560AE
64,a:57c0dce3-d79d-4eb6-8b7b-cedb7d03fee4,Test - Test - Solar5 - Copy,Arktek,solar,1,160,1,160,2026-07-29,2026-08-10,no,no,120248762813020083,https://scontent-iad6-1.xx.fbcdn.net/v/t15.5256-10/759280290_1355536289434268_4382118329840716541_n.jpg?_nc_cat=100&ccb=1-7&_nc_ohc=_L7ASMdiRskQ7kNvwHx_Xrf&_nc_oc=AdqkkW090iUrHCxMjhSNEmy3cmXPEWJzjJF9-6_hTQldS4KCtXf5ERLIb9k0J6PPqr6WvosjueNA1A8lxFCwv31w&_nc_zt=23&_nc_ht=scontent-iad6-1.xx&edm=AOgd6ZUEAAAA&_nc_gid=_JMQM73eJr_Hwb907Ub5gQ&_nc_tpa=Q5bMBQJi6TVHwuKgEqIldlfgsL4AqFySDayc4oC_yO-9nWqGRR0ZDxYoXDKP4cHyCblvn5maDEPFfFKy9w&stp=c0.5000x0.5000f_dst-emg0_p64x64_q75_tt6&ur=b696e2&_nc_sid=58080a&oh=00_AQLX_fVFEQFcjIcVsliE-wu0okY_9RU04lOCBftR9goGrw&oe=6ABF1ED4
65,c:1270660661886047,Test - Test - image2,Greentide,solar,1,156,3,52,2026-07-05,2026-07-18,no,no,120245249346500201,https://scontent-lhr11-1.xx.fbcdn.net/v/t45.1600-4/676698926_1900207764030576_734314399775072928_n.png?_nc_cat=111&ccb=1-7&_nc_ohc=D2ti0My9UegQ7kNvwGnDrOh&_nc_oc=AdpVI3wiz4875t73iLM03T7pWV6AIVNyTtFTiGktzdDMFxqHXTdlq3fmPmzRwQona-yVHufyv-1dS9Tp9fW3xT9-&_nc_zt=1&_nc_ht=scontent-lhr11-1.xx&edm=AOgd6ZUEAAAA&_nc_gid=iBvBkVpFOtKmNCGYk_dwMQ&_nc_tpa=Q5bMBQJoP6WeRm7rlfYmImR-TkYBveK1Nxk1UgzP4-qN9OnBU_CJCwYsf6Um4eV-xnZKi7Jmlz6EX14GqA&stp=c0.5000x0.5000f_dst-emg0_p64x64_q75_tt6&ur=52f3c4&_nc_sid=58080a&oh=00_AQJoANHPcN8-RTAogsLlUBpJnZcF_EBrulq1OAmwDIUnaw&oe=6AA00A90
66,a:10688765-e283-4b1b-a8d6-f3abe7638d49,Test - Test - image,Greentide,hp/solar,2,150,3,50,2026-07-01,2026-07-16,no,no,120245249346710201 120247681130890201,https://scontent-lhr6-2.xx.fbcdn.net/v/t45.1600-4/696035730_1911966362854716_8449029553085028013_n.png?_nc_cat=109&ccb=1-7&_nc_ohc=Z_DFOdbwwdoQ7kNvwH5xwrI&_nc_oc=AdqDlN7GHj6072frFRQZaqLr55JMekh7Q743BwEMLwGn0SSr8maYxAb69UYKTMDTdW-_3Ia5SjhtHp7w2-d-dYJo&_nc_zt=1&_nc_ht=scontent-lhr6-2.xx&edm=AOgd6ZUEAAAA&_nc_gid=iBvBkVpFOtKmNCGYk_dwMQ&_nc_tpa=Q5bMBQIytmKfS8qQiqT7oWovWRCNQHzYzKW0Kfs2lK-w79JbM-LkQ9C7Qc_vQuzsfJSxPrRnerEbLt0FYw&stp=c0.5000x0.5000f_dst-emg0_p64x64_q75_tt6&ur=52f3c4&_nc_sid=58080a&oh=00_AQKE_H223f8NBefj5PMLCWORm2X3ps5-CF0rNW_MyeY0Ag&oe=6A9FF959
67,upload:269d6e4b-b054-45b9-8c90-94c73590f0f6,Test - Test - video1 - Copy 2,Greentide; Greentide Backup,hp,4,143,3,48,2026-07-06,2026-07-13,yes,yes,120249500429440201 120250017759340152 120249432828050201 120249462156400201,https://scontent-lhr11-1.xx.fbcdn.net/v/t15.5256-10/739595937_1030868086092057_4856414511144854729_n.jpg?_nc_cat=111&ccb=1-7&_nc_ohc=iKvk3VCcZoEQ7kNvwGHKbtv&_nc_oc=AdqoYhEq9aqx6C3uPq3Pp7T-pwq5XZQORmYoP4YgUMmz2Aefv8cBHuI0RZ1IaGqzTqpK7x_UvnUQNlye3jdS8Tu5&_nc_zt=23&_nc_ht=scontent-lhr11-1.xx&edm=AOgd6ZUEAAAA&_nc_gid=6IohvR6DnaG0rFoe6iw7tQ&_nc_tpa=Q5bMBQIwjG99skTyDVZUiItG2sc01300A9OcXOWYyFJsFYjdhjW14y5FlcNo3-msrVXGm2p-gdqRLU8R6w&stp=c0.5000x0.5000f_dst-emg0_p64x64_q75_tt6&ur=b696e2&_nc_sid=58080a&oh=00_AQLlwF9WDaxu3U2YCG_FuGT-xYTl8-WyQSCdUrgjGK6UYw&oe=6A9FEF8A
68,a:4f70d67d-f0d3-4c10-86f0-21db29f7feaa,VIDEO15,InstallrHub,not set,1,140,0,,2026-09-03,2026-09-27,yes,no,120250024474860731,https://external-iad3-1.xx.fbcdn.net/emg1/v/t13/14104361122784995220?url=https%3A%2F%2Fwww.facebook.com%2Fads%2Fimage%2F%3Fd%3DAQJaYYUiItqhQbg8KcyaVGt0x8YHgEYcm9gt0elfjdNx-g4mPyrfjecIfO6e2K4O4PxFafpZ8HSF-UNpR31eoukHm5RkRrlAvfz0cvOIYqgiZQlsBeUraXKaIbP3Mok59BafQ5Y5U2XTpYy6ew1aWyFY&fb_obo=1&utld=facebook.com&_nc_sid=58080a&_nc_ht=external-iad3-1.xx.fbcdn.net&stp=c0.5000x0.5000f_dst-emg0_p64x64_q75_tt6&ccb=18-1&_nc_gid=PulLCBilRpwPKtZPrGOtIA&edm=AOgd6ZUEAAAA&_nc_zt=3&_nc_tpa=Q5bMBQKLnLDUNwPy6bb5KVXXREn7j1BK2iQpcEIZmx-C-jYlHRXCS_kXM_2WDESl8DUub2H7Yo23KQbQrg&oh=06_Q3_DAaoXjeP17UPfQ9KxD3wsn10G3Ybn9i2SFMJbJkvz_Bu8&oe=6ABB0A98
69,a:691dfbe7-d46a-4aa3-ba76-0e94b1305842,Test - Oil V1,Greentide,hp,1,137,6,23,2026-07-12,2026-07-21,no,no,120242227633110201,https://scontent-iad6-1.xx.fbcdn.net/v/t45.1600-4/652008699_1872516910132995_6401273697766747951_n.jpg?_nc_cat=102&ccb=1-7&_nc_ohc=WajFnDUzZpAQ7kNvwFlIGRj&_nc_oc=AdppAkgOQOpHzCu6sBhxnhPUcma3R488uD0Na5QBDHy9x1nh-lx0yXtYhSR3XDtMf0B56SpXyNdcts8O8UxR69zC&_nc_zt=1&_nc_ht=scontent-iad6-1.xx&edm=AOgd6ZUEAAAA&_nc_gid=hrD-nfg2qTdv4OfS46sQRg&_nc_tpa=Q5bMBQIOLrCVFeGjPv9cQT3A-EBzDAVNaE3rldXS3LEsHn0rHuROgGS5UyBubkXEgjVPzMG1IWUL2zmp6w&stp=c0.5000x0.5000f_dst-emg0_p64x64_q75_tt6&ur=52f3c4&_nc_sid=58080a&oh=00_AQKHCmwICo6HJUrEEOIBsP42WtFpuPjnJnGpq89IGfQ1Iw&oe=6ABF16A9
70,a:b6d9cc6e-5954-42f1-bf86-028d8459ba32,Test - Test - Test - 9k2 ad,Greentide,hp,2,133,4,33,2026-07-13,2026-07-22,no,yes,120249763999850201 120249657831690201,https://scontent-iad3-1.xx.fbcdn.net/v/t15.5256-10/741112741_3290665747801045_200907659548867232_n.jpg?_nc_cat=104&ccb=1-7&_nc_ohc=bSDmCRSXKxAQ7kNvwEHp1z2&_nc_oc=AdpngmAGMefVT9bi_Dj14WMjK2RuvHSATxfYjznVibdPZ218FkvwO7P5QmLEztdpCr3H68KkBKoSq3Tbz6As6Pse&_nc_zt=23&_nc_ht=scontent-iad3-1.xx&edm=AOgd6ZUEAAAA&_nc_gid=hrD-nfg2qTdv4OfS46sQRg&_nc_tpa=Q5bMBQJwQGB_58yOhy2sZKzR6EtWiHQJRErHZkqiTRAgT6UrjTzSw4BkzEm8Jc_0Qg-FCkUpSOgTUl-rZg&stp=c0.5000x0.5000f_dst-emg0_p64x64_q75_tt6&ur=b696e2&_nc_sid=58080a&oh=00_AQLk9rJVFeAb2jqo9Ca2DxT5DTQQqL5eoWcvJ2r-upv3FA&oe=6ABF0130
71,a:60fcd4a7-8377-41de-8506-259f2e35cec3,MOF-VIDEO12,InstallrHub,not set,1,128,0,,2026-09-14,2026-09-27,yes,no,120250219255060731,https://scontent-iad3-1.xx.fbcdn.net/v/t15.5256-10/791848873_2162336647657112_6039924181891886772_n.jpg?_nc_cat=110&ccb=1-7&_nc_ohc=c9Li0opFg0kQ7kNvwGFEpST&_nc_oc=AdqZUMwO59iEGGJ8gDAdWchXUts9X9Kt_-xd_gLCruF2ytHI6JREydqXFOkXXiEpUoam8r2hT9Th8_6lR9nYLO_V&_nc_zt=23&_nc_ht=scontent-iad3-1.xx&edm=AOgd6ZUEAAAA&_nc_gid=PulLCBilRpwPKtZPrGOtIA&_nc_tpa=Q5bMBQLw3E4n3HYXAVnTYlTqQtS2nqsv-8rv3MdymOTqIwdGXO5nR_kStEZLdZ7-74fOIshtTq20nCeKZQ&stp=c0.5000x0.5000f_dst-emg0_p64x64_q75_tt6&ur=7a3cc8&_nc_sid=58080a&oh=00_AQLxYO0SVEkuMYgauI8_g3NVqNhIlagYNGiC3kf7Nm6aeA&oe=6ABEFA66
72,a:4cf608bb-6305-4950-a19c-cbe716e25ead,MOF-VIDEO1,InstallrHub,not set,1,118,0,,2026-09-03,2026-09-14,yes,no,120250041758150731,https://scontent-iad3-2.xx.fbcdn.net/v/t15.5256-10/794137217_2253342772128144_9141063128287471053_n.jpg?_nc_cat=111&ccb=1-7&_nc_ohc=M3T7DbYiF6sQ7kNvwEQvuRZ&_nc_oc=AdpvuGfzqbDag_l3Z7oQXVrmovP7RN85unXRD-Pfj0o6WlLokoQNKAd1QcFA6W8vSXVvyEFeMxmyXRaPXt41AKJ4&_nc_zt=23&_nc_ht=scontent-iad3-2.xx&edm=AOgd6ZUEAAAA&_nc_gid=PulLCBilRpwPKtZPrGOtIA&_nc_tpa=Q5bMBQK84MWhZYztOR8Nr2CFMsN6ouC6wgbzJABTCllB636NnvQD-AOpKvxJt-x-T_h9GXPIuF15CCZXSg&stp=c0.5000x0.5000f_dst-emg0_p64x64_q75_tt6&ur=b21ebc&_nc_sid=58080a&oh=00_AQI0RH6z5hEwz3IPDBXnFNjm98MJQ38dBSkCYcA3aohTRQ&oe=6ABF0740
73,a:71b5f4b6-b06c-45a8-9567-866c0f531fc6,Test - Test - Test - solar,Greentide; Greentide Backup,solar,2,118,5,24,2026-07-13,2026-07-27,no,yes,120250152631610152 120249656527540201,https://scontent-lhr6-1.xx.fbcdn.net/v/t15.5256-10/742011502_2082155569036200_7402646875509992159_n.jpg?_nc_cat=103&ccb=1-7&_nc_ohc=0igur-T0T-wQ7kNvwFTZUhM&_nc_oc=AdoAH3cjD8L2JpQcYIWC5IyoIV3dSRpZe5yS_XjAnwbJ-uDudreZib9n4IB6WVOHDoKWHB2Miw_bXPdk63INCSCx&_nc_zt=23&_nc_ht=scontent-lhr6-1.xx&edm=AOgd6ZUEAAAA&_nc_gid=xxIPATmh880adpdghJiXLA&_nc_tpa=Q5bMBQF9Lzxnf83ClqpYpj829ExnJrjvcAtPpMG28qGg0W9oSGgntxLpPnoOge0QV5BxPKFx3y86NVycDQ&stp=c0.5000x0.5000f_dst-emg0_p64x64_q75_tt6&ur=5fad0e&_nc_sid=58080a&oh=00_AQHqyv6SSZenU_ZyJiyR95UMwrzHB6j1JO6JsBcy28bHlQ&oe=6A7B337C
74,a:d5e847a9-7d76-4a3e-880a-32a22f1e88e2,hp1 - Copy,InstallrHub,not set,1,116,5,23,2026-09-03,2026-09-24,no,no,120250022035130731,https://scontent-iad3-1.xx.fbcdn.net/v/t45.1600-4/771455595_1991007901617228_2557449304027588295_n.png?_nc_cat=110&ccb=1-7&_nc_ohc=h9S0q4hjg5EQ7kNvwHOK7cY&_nc_oc=AdpbjXRsC9xL20LTO68q7Xk7H94yImQ2yIsU8Cwz3571WpXURVDTVw7piE-cyyaePU6prI7WgkTyH2hTHPdNUZow&_nc_zt=1&_nc_ht=scontent-iad3-1.xx&edm=AOgd6ZUEAAAA&_nc_gid=PulLCBilRpwPKtZPrGOtIA&_nc_tpa=Q5bMBQJ-1p7G67LTXei3cSiUsK0TVa0EfrkSpdOSLAQAE11m-Q6-8MpbXkW4Wx9a-T8M_CSRKZYqxD_T4Q&stp=c0.5000x0.5000f_dst-emg0_p64x64_q75_tt6&ur=52f3c4&_nc_sid=58080a&oh=00_AQImGW_nT4XOZAOE9ccETz-_-U9wo4aZI8S6J2ydz24uiw&oe=6ABEF745
75,upload:f1b08bc4-b57a-46cd-9021-a235d8474575,Test - Test - Ad3,Arktek; SWH Electrical Solutions,solar,2,116,0,,2026-09-04,2026-09-08,no,yes,120248951167090576 120249519361490083,https://scontent-iad3-2.xx.fbcdn.net/v/t45.1600-4/793935889_2009150326469652_6381567479249096140_n.png?_nc_cat=103&ccb=1-7&_nc_ohc=WQ6VVh_X-zYQ7kNvwHRPnHU&_nc_oc=Adp59teEYy5xJoK0RjN0ktCJNhYzVNf6loOIKYKZHFXbpWqScwRsCcJGPH9iMjrGAt75yqbc3H9itMB_pCRypUsf&_nc_zt=1&_nc_ht=scontent-iad3-2.xx&edm=AOgd6ZUEAAAA&_nc_gid=KphNjuns2sGKLgVsRaVK5A&_nc_tpa=Q5bMBQKaVKbxobQcs1-_J5Dgi04UwYnlCxyDQD33z92ospipFar1atECBG01I1QY3Kk0xZXcFwmpIE7h1A&stp=c0.5000x0.5000f_dst-emg0_p64x64_q75_tt6&ur=52f3c4&_nc_sid=58080a&oh=00_AQIiMNBwC4LSwRN3uumIbqQVAKgSIJe4zODuymdzXofT_Q&oe=6ABF1C8A
76,upload:3686e2f2-1019-4ce7-9721-13aa0a70860a,Test - Video,Greentide,solar,1,115,1,115,2026-07-18,2026-07-19,no,no,120248675788100201,https://scontent-lhr11-1.xx.fbcdn.net/v/t15.5256-10/724744415_1573680317745665_8828509477877966411_n.jpg?_nc_cat=100&ccb=1-7&_nc_ohc=Bze7FlJJqT8Q7kNvwFUx9PB&_nc_oc=AdpHm7mQWlNDwBZ8IpTvXvLv5J9kIlvbw61woUB_sSMrTxq4lMyBmZwbMDu3cc69PRBAfo716HNwiatSzPdT8dSP&_nc_zt=23&_nc_ht=scontent-lhr11-1.xx&edm=AOgd6ZUEAAAA&_nc_gid=iBvBkVpFOtKmNCGYk_dwMQ&_nc_tpa=Q5bMBQKo82lPtZiJqX22TEQ-OjAqAJuCsBUg-EbaqLpAswCT_ZJlCqkDSf53wT4vk_jKt1LqE9Wo3SgItg&stp=c0.5000x0.5000f_dst-emg0_p64x64_q75_tt6&ur=b696e2&_nc_sid=58080a&oh=00_AQIkyswZ0e-azVcXQfno7cehfgxYcVOijMbvkTed1U6xew&oe=6AA0197F
77,upload:eba204b6-4016-4702-adde-508a1ca2b21c,Test - Eco-Transition,InstallrHub,not set,4,115,0,,2026-07-29,2026-08-02,yes,yes,120249318912100731 120249338493420731 120249338493500731 120249313094820731,https://scontent-lhr11-1.xx.fbcdn.net/v/t45.1600-4/756302951_1978523529532332_2926205903915244304_n.png?_nc_cat=106&ccb=1-7&_nc_ohc=bFRwvqpO4AoQ7kNvwEc6jwr&_nc_oc=AdpPura5sIp_hj_co7UAYCBEmIiAOIbHR4--8D88oI39akZqYOFhb8vMyUnXZSpOk7ZjuQEtk7KpTAhaleC86kWV&_nc_zt=1&_nc_ht=scontent-lhr11-1.xx&edm=AOgd6ZUEAAAA&_nc_gid=JsE1RrS1jllXgejiB2zh1A&_nc_tpa=Q5bMBQKpqEim3VrzfWo4zQbpVp9s9hnQeAJx5FK80ox5nwKO_LHxaYJfoXlVSY5QxCIfaVhhPk2ERjs47g&stp=c0.5000x0.5000f_dst-emg0_p64x64_q75_tt6&ur=52f3c4&_nc_sid=58080a&oh=00_AQKq_HC68ZxjbvVuYmmYlQIYDIPiq328IbvZbW4vprj7vg&oe=6AA00F63
78,upload:ad6b9b02-c632-4464-aeb7-837a782aa565,Test - Solar-Sign,InstallrHub,not set,1,114,1,114,2026-07-29,2026-08-09,no,yes,120249318912320731,https://scontent-lhr6-2.xx.fbcdn.net/v/t45.1600-4/756517934_1977054973012521_1538805480784831661_n.png?_nc_cat=109&ccb=1-7&_nc_ohc=ojGepiZODvMQ7kNvwEdh_DC&_nc_oc=AdqCeoPRR7PdmHjYRle7GcuF9scwYhpnGmnjtj8TH4hWtCRonESvNgLVvOygfUPml54rXn5U4BNQeLAprhD4dz9o&_nc_zt=1&_nc_ht=scontent-lhr6-2.xx&edm=AOgd6ZUEAAAA&_nc_gid=JsE1RrS1jllXgejiB2zh1A&_nc_tpa=Q5bMBQK9KCjBjoOnRQR-fA0jGtQogNOugv9QzdCWp4CCAiQnlehFd_7gpQWaX_K4UV9UwU7WW2UdYl5pdQ&stp=c0.5000x0.5000f_dst-emg0_p64x64_q75_tt6&ur=52f3c4&_nc_sid=58080a&oh=00_AQJBHi_arB1jyfPn9gOV-ldmjMyEs_X4QiKo-ICW0ZUhdA&oe=6AA004ED
79,upload:28cd7724-1e2a-4505-b92f-1112a7b02dc8,Test - Test - Ad3,SWH Electrical Solutions,solar,1,113,2,57,2026-09-04,2026-09-25,no,yes,120248951167100576,https://scontent-iad3-1.xx.fbcdn.net/v/t45.1600-4/793679091_2009153943135957_7269804878680873954_n.png?_nc_cat=108&ccb=1-7&_nc_ohc=ypQd8Kgg7vQQ7kNvwFuLTft&_nc_oc=AdrM9GWtBdaQBEDYEwFeYXsL9v61N7Utspk_CCiTuQXW1izOcwhVYfiPhT7kguy4G6x73oPzkss49820Sma8BviB&_nc_zt=1&_nc_ht=scontent-iad3-1.xx&edm=AOgd6ZUEAAAA&_nc_gid=KphNjuns2sGKLgVsRaVK5A&_nc_tpa=Q5bMBQJeE94SPNFgLgj3JKhaRd9H13RYCjRcRSdnmL6p45afpK4NsOn27y8t8I3xraS13vurOhrf6YbhAA&stp=c0.5000x0.5000f_dst-emg0_p64x64_q75_tt6&ur=52f3c4&_nc_sid=58080a&oh=00_AQLoU_nrwTQfUWiKcXaDY37uQbKmlf1SzW4Os9yUHCvLPA&oe=6ABEF7E5
80,a:01eac0f9-3019-485d-9749-1dbec2a19aa5,Test - Test - Video,Greentide,solar,2,112,2,56,2026-06-29,2026-07-06,no,no,120249258313690201 120249179201450201,https://scontent-lhr6-2.xx.fbcdn.net/v/t45.1600-4/732831603_1951445168906835_2313169907977790108_n.png?_nc_cat=109&ccb=1-7&_nc_ohc=gJLoly2SsqAQ7kNvwG3G6nX&_nc_oc=AdpZdoaDQ4MKh-iZQ1a9IxWsYd-vxMWroqQBUgheWSezcVrurPLYeo6BDIl59qVSGDoTr7y-GpsOna0cdXb0tH6k&_nc_zt=1&_nc_ht=scontent-lhr6-2.xx&edm=AOgd6ZUEAAAA&_nc_gid=6IohvR6DnaG0rFoe6iw7tQ&_nc_tpa=Q5bMBQIh0sPUo1WM2FMRTnWn1cQDNJFfXI_yERHaF2rfGIqPUhWNEM9SeTVexXD-r9cvhYV7SABd5Z6QRA&stp=c0.5000x0.5000f_dst-emg0_p64x64_q75_tt6&ur=52f3c4&_nc_sid=58080a&oh=00_AQKiGyeZj1jBQ9XqAMG98WEsTgk2I0ypo_ZeIRD-_rn1KA&oe=6A9FFE14
81,a:2d80bdc5-554a-4c66-9cb0-eb9a179a331c,Solar-Vid-Ad-1 - Copy,InstallrHub,not set,2,104,0,,2026-07-30,2026-08-03,no,no,120249343744790731 120249343558850731,https://scontent-lhr11-1.xx.fbcdn.net/v/t15.5256-10/761272554_1293631979341372_6406768273351277620_n.jpg?_nc_cat=111&ccb=1-7&_nc_ohc=mOxrnLqcD2UQ7kNvwHPP0eB&_nc_oc=AdqO05Ynpl2Jg-6gMHHmCvWfMOL1K_fQHmysgErn59kMpPC4uxiS2UBdx90krxPRCb_615o8KjU2HOw2aE_HFP4X&_nc_zt=23&_nc_ht=scontent-lhr11-1.xx&edm=AOgd6ZUEAAAA&_nc_gid=JsE1RrS1jllXgejiB2zh1A&_nc_tpa=Q5bMBQLUMDsqqD_rbcC_ef7EJq9GAVric579pHEMm5MfWaCk3L_ttPyDmK7ggBf3VRXIxvtJ0Y9ckHIiLA&stp=c0.5000x0.5000f_dst-emg0_p64x64_q75_tt6&ur=4c1fc5&_nc_sid=58080a&oh=00_AQLye5Mq_qPJYi9y9vmXFCoW8KhHP7rDRY4aYhsZUt12xA&oe=6AA00C11
82,upload:547778c7-4390-4076-92ec-d48139208a58,Test - video1 - Copy 2,Greentide,solar,3,104,0,,2026-06-29,2026-07-22,yes,no,120249462131670201 120248883259970201 120248961896250201,https://scontent-lhr6-2.xx.fbcdn.net/v/t45.1600-4/732720689_1951445178906834_4903566456254053277_n.png?_nc_cat=109&ccb=1-7&_nc_ohc=7nvjDP6k5BIQ7kNvwEtcYIH&_nc_oc=AdoztviFEA11ULS6V-jHUR95d5sfLhOCMHIyD9AvSxmE9kzYC8Dn1w15vJcoK7SkXkklbqBxYpQiDZslPV9ElvvJ&_nc_zt=1&_nc_ht=scontent-lhr6-2.xx&edm=AOgd6ZUEAAAA&_nc_gid=KOuN3R9Zvw6HnejQQxVwbg&_nc_tpa=Q5bMBQJKbTzo3RBhNd2_XzLHcXeowJ9jUaqfq-wi9qADrqkNdro-t6LxfmgHEcOr_Iw4hK7fmzKjfF3HMA&stp=c0.5000x0.5000f_dst-emg0_p64x64_q75_tt6&ur=52f3c4&_nc_sid=58080a&oh=00_AQEeewKwTCUdA5VLR7wGkr3It3YtJfjba_4MqaEoT8wFEw&oe=6A7F2A6A
83,a:4b5f767f-b4da-459b-88ed-bbf5c5fba7d3,Test - Test - Test - Test - 9k2 ad,Greentide,hp,2,104,1,104,2026-07-29,2026-09-14,no,yes,120250078095920201 120250077517650201,https://scontent-iad6-1.xx.fbcdn.net/v/t45.1600-4/755555370_1974521869932498_3488242460904115318_n.png?_nc_cat=100&ccb=1-7&_nc_ohc=Sjng3ag2LHkQ7kNvwE0JPdu&_nc_oc=Adph1cPvRs8qgzesIuPJOGRKlp12F5cTFj50kUPe8agBehryxNPAmg2kaHMyt_5vKMuovYVEsFTyV9wciB3urn7j&_nc_zt=1&_nc_ht=scontent-iad6-1.xx&edm=AOgd6ZUEAAAA&_nc_gid=hrD-nfg2qTdv4OfS46sQRg&_nc_tpa=Q5bMBQLr4-AYADQ8h5P9sjXvipXlg-vb8yLEM24rG3o4jG9Afd2bXYGs7qvhgvhe5AHYqjvpn_I8dYHQcQ&stp=c0.5000x0.5000f_dst-emg0_p64x64_q75_tt6&ur=52f3c4&_nc_sid=58080a&oh=00_AQKk21jfsnP5d2_6BjuMzaQabXQmmHIeZqU648K-wQYNUA&oe=6ABF19B4
84,upload:72feb1ae-7249-4849-9876-6316d93160ea,Test - Test - ad1,Arktek,solar,1,102,4,26,2026-08-31,2026-09-25,no,yes,120249436153830083,https://scontent-iad3-2.xx.fbcdn.net/v/t45.1600-4/787059955_2001537173897634_2109424513853795641_n.png?_nc_cat=103&ccb=1-7&_nc_ohc=dA6GmMHyHoMQ7kNvwH1chSG&_nc_oc=AdrmjcVN1J13xZ9cgF_VQ1j0_EzSdkzcMffO81J8UY74SkYWd5EyjYAfZ8Sd7Y0aR7Hi40OAtdfQMTKujADSCuAK&_nc_zt=1&_nc_ht=scontent-iad3-2.xx&edm=AOgd6ZUEAAAA&_nc_gid=_JMQM73eJr_Hwb907Ub5gQ&_nc_tpa=Q5bMBQKaSG1Yaua-xofzfHuA78IsAkXp6cpMyI5GP_1eKfNvrHBW1GkBYd9dB45QWBKvncM7vdmiOiqPBA&stp=c0.5000x0.5000f_dst-emg0_p64x64_q75_tt6&ur=52f3c4&_nc_sid=58080a&oh=00_AQKJ4PkRbCJ6jTT62XyxZeh8dJGMYnH9gPfW2nDxeQKXtg&oe=6ABEF96C
85,upload:5b9355f1-02ec-43ce-8c59-a0e293d89d8e,Test - Test - Test - image1 - Copy,Retrofit Group,solar,1,102,1,102,2026-06-29,2026-07-04,no,no,120246437097660125,https://scontent-lhr6-2.xx.fbcdn.net/v/t15.5256-10/732018587_907026265796292_1057496623959168707_n.jpg?_nc_cat=105&ccb=1-7&_nc_ohc=27g39i4NIZYQ7kNvwGQ1a7r&_nc_oc=AdrsBPa-oL_Ilh8wN8ex51fYSj-mGbfRnuR4MZ7n7pdTQjGvbVxC664vwUxLz1S5-zoWDsL3GzpOVfGcNPSoczN3&_nc_zt=23&_nc_ht=scontent-lhr6-2.xx&edm=AOgd6ZUEAAAA&_nc_gid=cKUCh69s2Cq_6gBtaXiy_A&_nc_tpa=Q5bMBQFkxmj8hh_4UpCDKE7u6UnsnwRsOZoz8pRBRxGbAI4cpGMql0d694wPvDaX4LXdSg4Cx6RmzAyHWg&stp=c0.5000x0.5000f_dst-emg0_p64x64_q75_tt6&ur=5fad0e&_nc_sid=58080a&oh=00_AQBAjyEAphmPxhCSIj2jJP5HyNmEbv7iSlEErBPl7wf_Ww&oe=6A6F3C93
86,a:c49c05d0-1e2e-4a42-bdae-ea8d79e0ad35,Test - Ad3,SWH Electrical Solutions,solar,1,101,0,,2026-08-27,2026-09-27,yes,no,120248783828030576,https://scontent-iad6-1.xx.fbcdn.net/v/t15.5256-10/785758951_1697082464925188_7962228872927416564_n.jpg?_nc_cat=107&ccb=1-7&_nc_ohc=50mDqaUO8YUQ7kNvwHFyBiE&_nc_oc=Ado1M3dIQUB3ICAWlwiykPNTYjpthdUtMja4XDKVzRW1V91ubPsc4uCKAlFXF1PezxCTCHjcK-7Hz1xaYwYF_YSu&_nc_zt=23&_nc_ht=scontent-iad6-1.xx&edm=AOgd6ZUEAAAA&_nc_gid=KphNjuns2sGKLgVsRaVK5A&_nc_tpa=Q5bMBQKiQuaDDZ85yJdUTxeMny_BSUnwKteUh3qnMzpzI6_4cDY8x3w-Uo6Va5blQE4hggnWMCpj-AyNgA&stp=c0.5000x0.5000f_dst-emg0_p64x64_q75_tt6&ur=b696e2&_nc_sid=58080a&oh=00_AQLMWWIxjtdv_Xksg7WIZTfuPxqmiWggBP8XOu9Y5U7Wrg&oe=6ABEFDBF
87,upload:e0da449b-f50d-4693-904d-ac678cd7c913,Test - Video,Greentide,solar,3,97,1,97,2026-07-25,2026-08-25,yes,yes,120249989123450201 120250077779790201 120250197960970201,https://scontent-lhr11-1.xx.fbcdn.net/v/t15.5256-10/743312128_1682323619732596_3940453751190436431_n.jpg?_nc_cat=101&ccb=1-7&_nc_ohc=pyuTeGTtNYUQ7kNvwG6G_3L&_nc_oc=Adq2t7yNHtihGeAK0vuOnO8LrNY7wmEV3DXODjRqB2hSUE9cB36doavLOQqhkUCPOxzBwldllclUPpWJP4Py-MEq&_nc_zt=23&_nc_ht=scontent-lhr11-1.xx&edm=AOgd6ZUEAAAA&_nc_gid=KOuN3R9Zvw6HnejQQxVwbg&_nc_tpa=Q5bMBQLt-u0cCmEae6bcQZpPRkaeKSZCo3_-sQNimBMgSNw96a6IMRkLngTfVV2dczfLHIChBUuvQzXTjQ&stp=c0.5000x0.5000f_dst-emg0_p64x64_q75_tt6&ur=b696e2&_nc_sid=58080a&oh=00_AQFNGudw_7JzNvR0ojV0eDkAP07LfyLf2b6edubJnniTaA&oe=6A7F0D53
88,a:1f2cd685-11c9-47d1-ba6a-5fb82fdc0ed6,Ad1,LJP Plumbing & Heating; NIBE,hp/not set,2,95,4,24,2026-09-21,2026-09-27,yes,no,120250269430830238 120253874409090079,https://scontent-iad3-1.xx.fbcdn.net/v/t45.1600-4/813663397_2019756535409031_7901209803931556940_n.png?_nc_cat=104&ccb=1-7&_nc_ohc=k89CixddKNYQ7kNvwEH_UTJ&_nc_oc=AdoDiCOaFEJgcMbA9gfU3ImC0OjqjRsanHqmhBevcg5cj8BLP4OnMXGQahB2i-J0ovF--diXQqUDydDHt5PmENO3&_nc_zt=1&_nc_ht=scontent-iad3-1.xx&edm=AOgd6ZUEAAAA&_nc_gid=Ix4cChdKUu09YRLjyS-2gQ&_nc_tpa=Q5bMBQIum7gV2ca0hWRLkLK_zEAfoGezMIoMj4cY5laXeO3bqu9MAp8S4Z4CjoOCs5doDaXvDkY0xK-5Vw&stp=c0.5000x0.5000f_dst-emg0_p64x64_q75_tt6&ur=52f3c4&_nc_sid=58080a&oh=00_AQL6fwJnUyCthWfSgwqJIK4jLQn9yLGN3z6FpTUhoyDOuw&oe=6ABF1011
89,a:1a9d7e61-adfc-4850-9b67-35eb88b77ae4,MOF-VIDEO17,InstallrHub,not set,1,94,0,,2026-09-14,2026-09-27,yes,no,120250219255200731,https://scontent-iad3-2.xx.fbcdn.net/v/t15.5256-10/792053379_2406510366542603_8855938764912806710_n.jpg?_nc_cat=105&ccb=1-7&_nc_ohc=kSfOjdi8tO4Q7kNvwE-cwQr&_nc_oc=AdryGftZhfhvGPhcsXLLse15kk9r_-Lyu2-vbHaF64Ukl7QG2cB3rvoXAeCfvBchbb-tWQWoBso7fVDXtnLtEI9q&_nc_zt=23&_nc_ht=scontent-iad3-2.xx&edm=AOgd6ZUEAAAA&_nc_gid=PulLCBilRpwPKtZPrGOtIA&_nc_tpa=Q5bMBQL-rPfSjvKZmT9wO_ouodK1rjBugPr2qgVlAF6olia_vvp1rhoTqzZEkKyqzWhh_P8B7BhG0Uf5BA&stp=c0.5000x0.5000f_dst-emg0_p64x64_q75_tt6&ur=b696e2&_nc_sid=58080a&oh=00_AQIhY5Rl5hCDglPOBQgMfOZRU8deazH-E4i2fS90knZRYA&oe=6ABF124E
90,a:71510b23-0e4b-4a72-a5de-5cf073ae83ce,Test - 9k2,Greentide; Greentide Backup,hp,2,89,1,89,2026-07-13,2026-07-16,no,yes,120250153016990152 120249657104790201,https://scontent-iad3-1.xx.fbcdn.net/v/t15.5256-10/743699418_857627943831880_4477911596962954599_n.jpg?_nc_cat=110&ccb=1-7&_nc_ohc=VEupmGPQVH4Q7kNvwHwQPks&_nc_oc=Adpx1ZPKgc7EEkB-2BHsYFie7U0Yj8q-DmzZXaHtM2EDJ0dMfzec36JrWbDikl6aeNOWsp-FWnEQ3_2xkV7LVkrw&_nc_zt=23&_nc_ht=scontent-iad3-1.xx&edm=AOgd6ZUEAAAA&_nc_gid=bXNWzf2dvLSKROHEpOmPAQ&_nc_tpa=Q5bMBQKCnsJUqUEZ_d2nX_MRVVuqCEM5L5on5YMzaI-ZxGjF08vk3AzG6SLrQEGt2n85P5EYw8ZDROGqxQ&stp=c0.5000x0.5000f_dst-emg0_p64x64_q75_tt6&ur=5fad0e&_nc_sid=58080a&oh=00_AQLFI3v_QYzL_YDXiTHWFbKNbOeObeUyE3RFQLBy4MY2bA&oe=6ABEFDC2
91,upload:b0ea7054-bfa2-4979-8c24-5d15501df9b0,Test - Test - Test - Test plain ad V4,Greentide,hp,3,88,2,44,2026-06-29,2026-07-29,yes,yes,120249910057110201 120248962843370201 120248964120420201,https://scontent-iad3-1.xx.fbcdn.net/v/t15.5256-10/725073948_1538456404343478_8377272569666724805_n.jpg?_nc_cat=110&ccb=1-7&_nc_ohc=3Ap4PCslgAcQ7kNvwFZ_RCu&_nc_oc=AdpGzaAXmQV18syGEXewDdgwQ-a-U6mGSHlLOGVg0hBlD0_1yB3AFGaXitxVss5nsZDGh90Uunou6tOHu_t4oRhf&_nc_zt=23&_nc_ht=scontent-iad3-1.xx&edm=AOgd6ZUEAAAA&_nc_gid=hrD-nfg2qTdv4OfS46sQRg&_nc_tpa=Q5bMBQIVJoTrp87oavanJAm4LBGzniJvleVrex05ABlnUZXg9hGG5yKMJfIFFmxmhAuRUOTjXv-D8dLHVw&stp=c0.5000x0.5000f_dst-emg0_p64x64_q75_tt6&ur=b696e2&_nc_sid=58080a&oh=00_AQKIf9oQU-qIAOl4SpkeiiDBGAooBNroFXypXSf00NeWSA&oe=6ABF0B7B
92,a:93d6d38a-e4bc-4972-917b-3d4ea7958707,MOF-VIDEO19,InstallrHub,not set,1,82,0,,2026-09-03,2026-09-14,yes,no,120250045121930731,https://scontent-iad3-2.xx.fbcdn.net/v/t15.5256-10/792806945_1398695665733608_7236837330133809089_n.jpg?_nc_cat=103&ccb=1-7&_nc_ohc=cosK980dFd4Q7kNvwGOui2C&_nc_oc=Adr3v4wbRc5G722InvESHiwhNObEXqE3d09oTV7Fo7HMiQpV7fC3yJygOtJpPfZMijPRKKtjlNdFg7EyKHilPL9l&_nc_zt=23&_nc_ht=scontent-iad3-2.xx&edm=AOgd6ZUEAAAA&_nc_gid=PulLCBilRpwPKtZPrGOtIA&_nc_tpa=Q5bMBQKhcg8uJHiFVzTqIh7akCl3ZdxgvBb6ZpIdCZZs6r2Ewd1tlQew_bMbbtglg2EccsTRKrLBa3rfgg&stp=c0.5000x0.5000f_dst-emg0_p64x64_q75_tt6&ur=b21ebc&_nc_sid=58080a&oh=00_AQJJrEHTe07ESiMQNfqWGagZkGGJep0XeUG4RCDGnDQqQw&oe=6ABEFAF2
93,upload:9cb68f54-4806-4bde-bf4c-fe85ba2bc311,Test - Test - Test - 9k1,Greentide; Greentide Backup,hp,2,82,2,41,2026-07-22,2026-08-11,no,yes,120250362580620152 120249909497190201,https://scontent-iad3-1.xx.fbcdn.net/v/t15.5256-10/752740966_1573104667539990_6667796634138993393_n.jpg?_nc_cat=104&ccb=1-7&_nc_ohc=o10kYrKspKYQ7kNvwE0OwwH&_nc_oc=Ado_0ngbfcjIeDkqla05z0dZYzSPT0D9Qz_wbkqp6Z7JQ8tpC0Zalpu8C2cQtyaoniuUrZ_iboCsOzRHFnjWtPft&_nc_zt=23&_nc_ht=scontent-iad3-1.xx&edm=AOgd6ZUEAAAA&_nc_gid=bXNWzf2dvLSKROHEpOmPAQ&_nc_tpa=Q5bMBQKWIfOiGNX-l3iz-p8hIvWA6fe56zrYU14gVNqL5hy60UyS_rrYNLjxavH0Qoy3fPkkSJi-DHLSEA&stp=c0.5000x0.5000f_dst-emg0_p64x64_q75_tt6&ur=5fad0e&_nc_sid=58080a&oh=00_AQL-G0rmZ4gOlVez6HG19Dd0lWJeOyszHre1bwIGJN_maA&oe=6ABEFA3D
94,a:58cec800-6c85-4a27-ae0c-0eeed9c890c9,HP-Vid-ad-1 - Copy,InstallrHub,not set,2,81,0,,2026-07-30,2026-08-02,no,no,120249343744800731 120249343621680731,https://scontent-lhr11-1.xx.fbcdn.net/v/t15.5256-10/761383875_1113082871406146_3905406543959120623_n.jpg?_nc_cat=100&ccb=1-7&_nc_ohc=UMAaAcYkl7AQ7kNvwHhKI-Z&_nc_oc=AdqZNt5aHIZ0U00-0LUyYM8lqslJ8TXOzNNK8FzZxG2sZyMdbqQaW2MA68vO3JPX_fHjypfyHOH9h0qj35wl6oIn&_nc_zt=23&_nc_ht=scontent-lhr11-1.xx&edm=AOgd6ZUEAAAA&_nc_gid=6f186bmdw7KZFRyvPpH36Q&_nc_tpa=Q5bMBQHhEawLgLq38eeTcPd3m4cwQAy45znzAoxuZ2GxLGA2l6je0v7nM_JuuCXnbhp6_flfXhs2KBgsGw&stp=c0.5000x0.5000f_dst-emg0_p64x64_q75_tt6&ur=4c1fc5&_nc_sid=58080a&oh=00_AQEocGKvhdyelnCLMp5E-uyVYORDuOA_JFzEg30iYx9EHQ&oe=6A7B0514
95,c:1571260167905310,Test - Test - video1 - Copy,Greentide,hp,2,80,1,80,2026-07-01,2026-07-11,yes,no,120249258671480201 120249462156390201,https://scontent-lhr6-1.xx.fbcdn.net/v/t45.1600-4/732753329_1952385615479457_9020120874159407600_n.png?_nc_cat=102&ccb=1-7&_nc_ohc=UsiEVEadjlwQ7kNvwGMlS-8&_nc_oc=AdoLwM7GTz10DDLh-J4C8jaeZuzqStSidh9d1QV-EQQ7sjxDeRX7LNWDZytSePdxq4hasap34WbJ3Hibhv9USGJZ&_nc_zt=1&_nc_ht=scontent-lhr6-1.xx&edm=AOgd6ZUEAAAA&_nc_gid=iBvBkVpFOtKmNCGYk_dwMQ&_nc_tpa=Q5bMBQIUcaRtsOWA2xhCfyuKgSdxQ3rGDarhPNlJTgWDoOAk9XSlRCWPFlAOok0f5twQB3TdBYkQZ4-Mcw&stp=c0.5000x0.5000f_dst-emg0_p64x64_q75_tt6&ur=52f3c4&_nc_sid=58080a&oh=00_AQLPbWwSq_gkm8v1vpGneHKUHaNsSg9KJ-7gga_Kd3fa6g&oe=6A9FF760
96,a:d4cbbf71-20ff-4794-aaa3-6eb73bb4406a,Ad1,SWH Electrical Solutions,solar,1,79,0,,2026-08-19,2026-08-26,no,no,120248616697970576,https://scontent-iad6-1.xx.fbcdn.net/v/t45.1600-4/778124787_1995201827864502_4172369915833681317_n.png?_nc_cat=109&ccb=1-7&_nc_ohc=Pb8j66_FrmgQ7kNvwGpgCZD&_nc_oc=AdoqT7vAReKmLs8AYH8Z5QryMvc9yFQs5o8vRc-9J1z7tLwJ01jNrA4dXpGVEa3S6tDJL9t6CiPVUvdUUej9fDzA&_nc_zt=1&_nc_ht=scontent-iad6-1.xx&edm=AOgd6ZUEAAAA&_nc_gid=KphNjuns2sGKLgVsRaVK5A&_nc_tpa=Q5bMBQJeHfgrjSUbiDOvXspO-3zgTSdELwOkURqHUy_yRVu7UN4F0UNGMq_0ZGpTHUYa_4nA1wczb2K9AA&stp=c0.5000x0.5000f_dst-emg0_p64x64_q75_tt6&ur=52f3c4&_nc_sid=58080a&oh=00_AQJufG8vrAdWCgKVgI4tDrepTmI3pgYJ0fU8SAOcNQhReQ&oe=6ABF0EBB
97,c:1406176194823911,Test - Vid2 - Copy,InstallrHub,not set,1,78,4,20,2026-09-23,2026-09-27,yes,yes,120250390653230731,https://external-iad3-1.xx.fbcdn.net/emg1/v/t13/8661392160154179667?url=https%3A%2F%2Fwww.facebook.com%2Fads%2Fimage%2F%3Fd%3DAQJrbIhlY65Hh3pa7ocYagD1xrktonOtUbHv4kJFQCDzwgEj8_W49ff7kRVyPBGCFqjrbzezlBxqHa-F7W0YudIQ9hAdrlclvZRQz7Ym0dd4uAzItuq_2Xrg4ekusHjrI86zsdlF1HzKPrrTGc5ZQ-O8&fb_obo=1&utld=facebook.com&_nc_sid=58080a&_nc_ht=external-iad3-1.xx.fbcdn.net&stp=c0.5000x0.5000f_dst-emg0_p64x64_q75_tt6&ccb=18-1&_nc_gid=PulLCBilRpwPKtZPrGOtIA&edm=AOgd6ZUEAAAA&_nc_zt=3&_nc_tpa=Q5bMBQLdwhg5o5FNEEbSvyjEqjyo6z5aZ1p8XSU7MWZI9N6qjc6q8jlc_zXgPhmdFkhmfhlb6WNJEPOvvA&oh=06_Q3_DAT8WeBNXzo8C8MHGKAhxcxgAh4uJNDjWkfPcY77h04ak&oe=6ABB2980
98,a:8d1dce2d-2a37-406d-8b35-c59b7c4410a7,Vid2,InstallrHub,not set,1,75,0,,2026-08-11,2026-08-16,no,no,120249627596450731,https://scontent-lhr6-1.xx.fbcdn.net/v/t15.5256-10/772270796_1367543821493019_6293322138370991237_n.jpg?_nc_cat=102&ccb=1-7&_nc_ohc=7JcVjjVVNV4Q7kNvwHBOJCw&_nc_oc=Adpzid_4QRptyDZ9OTUjiT663e4u28HOh3h3HV82lfvfehXaqBYy0w4hqlTpqkQzm28wnyS8_ZAumke5lGwD0zK8&_nc_zt=23&_nc_ht=scontent-lhr6-1.xx&edm=AOgd6ZUEAAAA&_nc_gid=rKKfg4wHGcQ1WhR033c62g&_nc_tpa=Q5bMBQLTfDBD3-9oXIsjbN9cO7siFqANTywBKMYd03HMdqBrbf7WEzVv0YRHVSwPXHqEAByuoPooaHD6bw&stp=c0.5000x0.5000f_dst-emg0_p64x64_q75_tt6&ur=7a3cc8&_nc_sid=58080a&oh=00_AQEmLvJnOhlIeOwLnorS3KXHx965Ero-J3LyHF2yZOwE_A&oe=6A956702
99,a:77b96b04-b637-47e3-8968-f4c466f2e9fa,Test - Test - Ad3,SWH Electrical Solutions,solar,1,74,1,74,2026-08-31,2026-09-04,no,no,120248856047050576,https://scontent-iad6-1.xx.fbcdn.net/v/t15.5256-10/791906384_4553100498343575_9056120421516203485_n.jpg?_nc_cat=102&ccb=1-7&_nc_ohc=qazRX4wFsPcQ7kNvwEpX-et&_nc_oc=AdqTOQf9-2eIWEvbBf9cl1j-aqlly7nWv9dqjXFlVV3eLZiwuyiBhCb_wB_29VF2mwELCDDSJJEMnsA52iwpNpSm&_nc_zt=23&_nc_ht=scontent-iad6-1.xx&edm=AOgd6ZUEAAAA&_nc_gid=KphNjuns2sGKLgVsRaVK5A&_nc_tpa=Q5bMBQK-hQfan_SGCddyxfF940kWQSQFEn_8C9YFKRsyLj8m6jGJ37onMXI2aQ1zYxU6qSWG8FNm-vUddA&stp=c0.5000x0.5000f_dst-emg0_p64x64_q75_tt6&ur=b696e2&_nc_sid=58080a&oh=00_AQLVCUdAgeKFYNFHjKh-ztZIEhnu3GKNKJAcKM-I_o2icQ&oe=6ABF1D68
100,a:6b7bd310-5c1e-4e78-8182-1d20f45d73c4,HP | WAD-A v1 - Battery + Inverter | 208,Helix Power Ltd,not set,1,73,4,18,2026-08-24,2026-08-29,yes,no,52557959000718,https://scontent-lhr11-1.xx.fbcdn.net/v/t15.5256-10/739309372_1044996067973965_3304840144424913384_n.jpg?_nc_cat=106&ccb=1-7&_nc_ohc=38jpHQnomaMQ7kNvwHSwwWd&_nc_oc=AdqKfnI90UtXGcOJwCcCMiU7KlXTga1jOVq5yPozVj87Rr17z4CJ9bcjfee6Mg7RPDRyPsoc_FerEDtALIMjKnE7&_nc_zt=23&_nc_ht=scontent-lhr11-1.xx&edm=AOgd6ZUEAAAA&_nc_gid=pAweFddxxT9CrY_eOg7TXg&_nc_tpa=Q5bMBQIZQ2S_Fn_GIm9h06GSLI45GoE_h_zS9d5zk8zYnLPuFM7TTchVDqz-xHkVL3Q6AuW_AuvDu5lVUA&stp=c0.5000x0.5000f_dst-emg0_p64x64_q75_tt6&ur=b696e2&_nc_sid=58080a&oh=00_AQIRnuUPBZf_oiEdU1ZD1PbUiHkTigD68y7Q-arkJ8sTIQ&oe=6A983891
101,upload:965331d6-90e2-43ed-ab11-f81f84faef0d,Test - video1,Greentide,hp,1,72,1,72,2026-07-17,2026-07-22,no,yes,120249787507890201,https://scontent-lhr11-1.xx.fbcdn.net/v/t45.1600-4/751484466_1969248350459850_426784666916449106_n.png?_nc_cat=106&ccb=1-7&_nc_ohc=SA8_3aI_9QkQ7kNvwHW4rrZ&_nc_oc=AdqCi7okWY9ZFrE37vWx9ClyrtkWyLd8pkB6gwQXlh3RUjKN3xKsXpqVIBO6FroKge8weEp3Il79KQ1cwlqzFEtq&_nc_zt=1&_nc_ht=scontent-lhr11-1.xx&edm=AOgd6ZUEAAAA&_nc_gid=6IohvR6DnaG0rFoe6iw7tQ&_nc_tpa=Q5bMBQJX5GLdi0HHj7Dmacrul0fHgwjyLBZbbOfqw_9bx6kK0I4V8inwNh3Al2b85zsjsTmV-q4XMBrYCQ&stp=c0.5000x0.5000f_dst-emg0_p64x64_q75_tt6&ur=52f3c4&_nc_sid=58080a&oh=00_AQJDormzh6L_kPZ2sIYfrw7DnV1aJ0EZjZOCSfn1D3qaLA&oe=6AA02095
102,upload:32eee37c-0a96-485e-a28d-ad3980ca613b,Test - Test - video1 - Copy 2,Greentide,solar,1,71,0,,2026-07-13,2026-07-22,no,yes,120249660496160201,https://scontent-lhr11-1.xx.fbcdn.net/v/t45.1600-4/746528252_1966134157437936_6988026108267230172_n.png?_nc_cat=101&ccb=1-7&_nc_ohc=8EiEi1Vo7rIQ7kNvwG6UtRR&_nc_oc=AdosYRbfmptQIgKIFEID0RHGVhatYKCDr8XAG6EDLePZ03beBSi-tLpHBoeDfRzcGC3lIY3m36Kp6F50RYFheApc&_nc_zt=1&_nc_ht=scontent-lhr11-1.xx&edm=AOgd6ZUEAAAA&_nc_gid=KOuN3R9Zvw6HnejQQxVwbg&_nc_tpa=Q5bMBQL4Y5Os25x_vgOZbZ0WuGiw3LvnXcEXDHxIC6YzN7bbyW5chDWeXqCIfTGVEoP6HdcRVDZl_1sAfg&stp=c0.5000x0.5000f_dst-emg0_p64x64_q75_tt6&ur=52f3c4&_nc_sid=58080a&oh=00_AQG6Jxv8cy20dnOeFZhplzM73c1D7khtHD3NgCS2T9vfHw&oe=6A7EFB05
103,a:7323da2a-f8a8-414c-b957-fdc1b0c0c0cf,Solar5,Arktek,solar,1,69,0,,2026-07-15,2026-07-18,no,no,120248305356070083,https://scontent-iad6-1.xx.fbcdn.net/v/t45.1600-4/744213515_1963949114323107_1782818667300622803_n.png?_nc_cat=100&ccb=1-7&_nc_ohc=khIAyspADG0Q7kNvwHqozpK&_nc_oc=AdqfGqcWyVbt3Wc-d8RqR1gcp8Oev9Zs8rmPMAXrq7FbuFH_uBY9EASzQPqUXY5ZeH6rEsAw9x2TFsS9PVdJ7oxX&_nc_zt=1&_nc_ht=scontent-iad6-1.xx&edm=AOgd6ZUEAAAA&_nc_gid=_JMQM73eJr_Hwb907Ub5gQ&_nc_tpa=Q5bMBQJ6D3Fw7QYkDCUM3Uut48TCP1egGgUq0CGcaoAhrlfZsMIOJ_Lws2wak6U3YBSKwJWlKIFRgyR9KQ&stp=c0.5000x0.5000f_dst-emg0_p64x64_q75_tt6&ur=52f3c4&_nc_sid=58080a&oh=00_AQJhgWF1cHrtlsyZEGrc1hXndqV5brxLKUvLnUPspbioEw&oe=6ABF0515
104,upload:bb9625f1-752f-4f13-96c3-d4f3ffc2a751,Test - Test - Ad3,SWH Electrical Solutions,solar,1,69,0,,2026-09-04,2026-09-14,no,yes,120248951167160576,https://scontent-iad3-1.xx.fbcdn.net/v/t45.1600-4/796571329_2009153926469292_8460543656560636349_n.png?_nc_cat=101&ccb=1-7&_nc_ohc=JKJODmr02QEQ7kNvwE85oOz&_nc_oc=Adqz4aMApw9HCAnvF4InQ1LG92osVsZbOlRzmKs4qixTx-7m-PJ09dYjI5DEFUMiILtpRTDxaigUdqK-kDqlQKBS&_nc_zt=1&_nc_ht=scontent-iad3-1.xx&edm=AOgd6ZUEAAAA&_nc_gid=KphNjuns2sGKLgVsRaVK5A&_nc_tpa=Q5bMBQLyzN659f7RV0HSdS2dw1fdQqSvzyQbjR3EewWbsXUKsAacanQqvNmUfxeXNJhKEIQnliZJ_bh9HQ&stp=c0.5000x0.5000f_dst-emg0_p64x64_q75_tt6&ur=52f3c4&_nc_sid=58080a&oh=00_AQJEMuiJNr-L4PSVmwjpPxeYZTpmkCOTf14nWDyagoinlA&oe=6ABF113A
105,upload:b6d002e4-27d6-4833-892f-faba4d21f228,Test - Ad3,SWH Electrical Solutions,solar,1,68,0,,2026-08-27,2026-09-27,yes,yes,120248783828380576,https://scontent-iad6-1.xx.fbcdn.net/v/t45.1600-4/782830123_2002415420476476_4080579505406870757_n.png?_nc_cat=100&ccb=1-7&_nc_ohc=_Fbsz6y2-PQQ7kNvwHGU1WW&_nc_oc=AdoSat9lIbBt6b6vD8tHGHyZ0ldWzHi4VePoZMSP1fxK12x9bXoxWIGWP2bdv93-koyMnKpbGAtt2SyF9dsvz3Gb&_nc_zt=1&_nc_ht=scontent-iad6-1.xx&edm=AOgd6ZUEAAAA&_nc_gid=KphNjuns2sGKLgVsRaVK5A&_nc_tpa=Q5bMBQKa_OYKDHQPAapInbyVwWWElQlGFxYKVdh0o-DWtSGvAjAVeE7npaiWJq4p8Rh__dKyLej4dXTyvQ&stp=c0.5000x0.5000f_dst-emg0_p64x64_q75_tt6&ur=52f3c4&_nc_sid=58080a&oh=00_AQKs4d8LcA_pF7BiCXDU5oBqU_a3DlnnFvL73hCe9WuKvQ&oe=6ABF12BF
106,a:af21b7d3-52e5-4d8e-8d11-d9ace5013273,HP | WAD-A v3 - System Overview | 212 | v2,Helix Power Ltd,not set,1,68,2,34,2026-08-07,2026-08-20,no,no,52562206051118,https://scontent-lhr6-1.xx.fbcdn.net/v/t15.5256-10/739335374_1034691112341240_5100032893123361873_n.jpg?_nc_cat=103&ccb=1-7&_nc_ohc=HLg8l3th3kcQ7kNvwEOmpDr&_nc_oc=AdraCsf0KGikbsahIglBOaGIwIYOWVrgzu7AhI7q2b71NXjNqQs0KGMxZ_aiRsnbVZc2SMY2iMh_IjZ2URj2juMc&_nc_zt=23&_nc_ht=scontent-lhr6-1.xx&edm=AOgd6ZUEAAAA&_nc_gid=pAweFddxxT9CrY_eOg7TXg&_nc_tpa=Q5bMBQIs1WzWozHiXNh9z8_vv80P6HQjoETP6qMzAq2PmdVkuJv77vHZOjGyklQW71BnD7LSmkUBMuNjtw&stp=c0.5000x0.5000f_dst-emg0_p64x64_q75_tt6&ur=b696e2&_nc_sid=58080a&oh=00_AQLeVKpUnxgGgZIgHbBAI8GDkQseWyWgyeBQfwOqG5xx0A&oe=6A9833A1
107,a:7baea7f2-e58b-4f71-9806-4a950a77f822,Solar5 - Copy,Arktek,solar,1,66,0,,2026-07-15,2026-07-17,no,no,120248441937670083,https://scontent-iad6-1.xx.fbcdn.net/v/t15.5256-10/744014045_2460676094411822_5327908006747142844_n.jpg?_nc_cat=107&ccb=1-7&_nc_ohc=JQ-N1BypR-EQ7kNvwGVYQQw&_nc_oc=Adrq9UhrzN37V4-gW3HIqpEGL7glx9-AVARRHwj_xVQtw3eCboBc-24B5mv394_SeJwsSmDsEkdaeOZLCY8Adqzg&_nc_zt=23&_nc_ht=scontent-iad6-1.xx&edm=AOgd6ZUEAAAA&_nc_gid=_JMQM73eJr_Hwb907Ub5gQ&_nc_tpa=Q5bMBQI2KVjh28sUqe9EKIEy3YoOrWKT3SGHHiver3lvgYthZztT54HULcjYKCnYXT6FJAgPzA8lKZT2Ww&stp=c0.5000x0.5000f_dst-emg0_p64x64_q75_tt6&ur=b696e2&_nc_sid=58080a&oh=00_AQIRi7KJIEJI0hJ5m-zVXxJzxnWlk46Zu_YYpyY81L2AZw&oe=6ABF28F7
108,upload:87c46a7c-bbf6-45c8-95fb-2589d953ae65,Test - Vid2 - Copy,InstallrHub,not set,2,66,1,66,2026-09-14,2026-09-27,yes,yes,120250390653220731 120250219255350731,https://scontent-iad3-1.xx.fbcdn.net/v/t15.5256-10/790879794_28483839324637840_7556429518235115352_n.jpg?_nc_cat=101&ccb=1-7&_nc_ohc=5byatjVZKZAQ7kNvwGDj3a7&_nc_oc=AdpdFTy86GY_XMU9paj2j7RxJk954Yxjas1NC3XHOqKBmZx_BHVZWOo84FTwTAkDqPqDAb6GLYSwNHAXXWwdld2Q&_nc_zt=23&_nc_ht=scontent-iad3-1.xx&edm=AOgd6ZUEAAAA&_nc_gid=PulLCBilRpwPKtZPrGOtIA&_nc_tpa=Q5bMBQJe-6O_Tmxb04qTPPvFPGZYCGmVByjWwIrWXnRfjq4TCQgDny04UKBDt76IFdNmHRhzn2Y3FAoRyg&stp=c0.5000x0.5000f_dst-emg0_p64x64_q75_tt6&ur=5fad0e&_nc_sid=58080a&oh=00_AQKf5AknEuoXgdfQeeYO2PcYnzhQXou0OzD-80ooxkCBdg&oe=6ABF23A7
109,a:c4a473a6-0e77-428d-b955-f13e55add785,Solar5 - Copy,Arktek,solar,1,65,0,,2026-07-15,2026-07-17,no,no,120248441927370083,https://scontent-iad3-2.xx.fbcdn.net/v/t15.5256-10/743910050_1043969158095782_3281549658940441471_n.jpg?_nc_cat=111&ccb=1-7&_nc_ohc=6lSlORMXHsUQ7kNvwFRU712&_nc_oc=AdpW8-6pJdwrxP1L6o97-c0Knf8DhYmXXzbDimAdUeREDtqqIAIxzpstC3ccDOcwZ8-JDJMGH5jpYj1x4vYuOoZE&_nc_zt=23&_nc_ht=scontent-iad3-2.xx&edm=AOgd6ZUEAAAA&_nc_gid=_JMQM73eJr_Hwb907Ub5gQ&_nc_tpa=Q5bMBQLg0BVDST6bgHPeL9MXE3GyVd5Aaa6uuqaWkLdOZxRrCRQ6ERTAEGg3ib2eeQXMz5U3Fwq1Bx8v4Q&stp=c0.5000x0.5000f_dst-emg0_p64x64_q75_tt6&ur=b696e2&_nc_sid=58080a&oh=00_AQIuqRpUx7OH_h47I0BLVUnqGRLT2NpoBMVnwR7NCStY7g&oe=6ABF284C
110,upload:0d7d863e-2b58-445e-82ff-93dba3fe3d19,Test - Test - Test - solar,Greentide Backup,solar,1,65,0,,2026-07-29,2026-08-02,yes,yes,120250504861500152,https://scontent-lhr6-1.xx.fbcdn.net/v/t15.5256-10/755151794_27936758002602839_4391455024028991316_n.jpg?_nc_cat=102&ccb=1-7&_nc_ohc=aJ4IV80OSUQQ7kNvwEXZedn&_nc_oc=Adpv2zaKAMEh1dDdp97RbpA5z381ZkwweWTQ7M6Vbq_V_N8VMRdr8szeBAHPAauSeTWBUz220Yej7B1eIKoqYaDv&_nc_zt=23&_nc_ht=scontent-lhr6-1.xx&edm=AOgd6ZUEAAAA&_nc_gid=xxIPATmh880adpdghJiXLA&_nc_tpa=Q5bMBQHbirokxy9Y13GQlo5sEc4MC8P7zR4VDO6IuzBmx0B_Q0mAJZv0ugR16G86rb-tLqv970rTKSYsrg&stp=c0.5000x0.5000f_dst-emg0_p64x64_q75_tt6&ur=5fad0e&_nc_sid=58080a&oh=00_AQFupxgfcjpfySKgqJk1oizMgLOhipezmaLq9X-pRnuwGA&oe=6A7B30DA
111,upload:79d0530a-bf46-4bc6-9d82-aa77b2620adf,Test - Test - ad1,Arktek,solar,1,64,1,64,2026-08-31,2026-09-04,no,yes,120249436153840083,https://scontent-iad3-2.xx.fbcdn.net/v/t45.1600-4/782019840_2001537197230965_1217544391419748630_n.png?_nc_cat=103&ccb=1-7&_nc_ohc=bP8f05H5784Q7kNvwGqbx5W&_nc_oc=AdqE-nj5_F2ylkipReS4yi_xFUxjelL1V0tTXRaHawFiL6QzTGqYeux_15Qo0vzbkfr3nH6Q4JXmwfWTTY6czgbC&_nc_zt=1&_nc_ht=scontent-iad3-2.xx&edm=AOgd6ZUEAAAA&_nc_gid=_JMQM73eJr_Hwb907Ub5gQ&_nc_tpa=Q5bMBQJuTAXL05riH9PH12M62W2WdJuKamdNOFIz2Aar5ALYNMSHohRE5mfrJWEUKb12lgbU0vj5UOzzBw&stp=c0.5000x0.5000f_dst-emg0_p64x64_q75_tt6&ur=52f3c4&_nc_sid=58080a&oh=00_AQIZMwPln_qEpDLIi1o5RtyRrfujvRGmG_Gl37N54GdxvA&oe=6ABEFEAB
112,upload:03e79853-c09c-4bf6-8828-f012580bbf0c,Test - ad1,Arktek,solar,1,64,1,64,2026-08-26,2026-08-29,no,yes,120249365545660083,https://scontent-iad3-2.xx.fbcdn.net/v/t45.1600-4/784619219_2001537237230961_154717346627661916_n.png?_nc_cat=103&ccb=1-7&_nc_ohc=i_0SZ02wULoQ7kNvwFqrHhW&_nc_oc=AdrWGNoNhVCyNxX0aw0wO5Ma1Lo3xOs_4Qx2Wrs4cdi_tpnc-VxrU99VYKobCSSWKZ1n1Sh07pWtYZUUy9sk3qYX&_nc_zt=1&_nc_ht=scontent-iad3-2.xx&edm=AOgd6ZUEAAAA&_nc_gid=_JMQM73eJr_Hwb907Ub5gQ&_nc_tpa=Q5bMBQJ0t9jtP0AqTWbdyBJmO1-ZG2txEx4sA0-POHxLIqqz165qJr6hzefIkOK1IKG6e9jzI6pl6yFY5g&stp=c0.5000x0.5000f_dst-emg0_p64x64_q75_tt6&ur=52f3c4&_nc_sid=58080a&oh=00_AQJ3-WMFAgWvZIN8V7CVlXuFQH28unDItSyOz_kS4TuFIA&oe=6ABF165C
113,upload:bebc1bca-b897-4225-9136-0844d9b6f376,Test - Test - Ad3,SWH Electrical Solutions,solar,1,64,1,64,2026-08-31,2026-09-04,no,yes,120248856047110576,https://scontent-iad3-1.xx.fbcdn.net/v/t45.1600-4/790973591_2005791926805492_4700408633365874293_n.png?_nc_cat=104&ccb=1-7&_nc_ohc=3RalM3GwfxAQ7kNvwHWl_13&_nc_oc=AdroK46oukh2S_LfS6KOy5egCnm34cv64PbiN0Sd1kP_5lzh0mXEEAxE1Ff2Rbobtv-eE08qSu678o6JrzVE1nJE&_nc_zt=1&_nc_ht=scontent-iad3-1.xx&edm=AOgd6ZUEAAAA&_nc_gid=KphNjuns2sGKLgVsRaVK5A&_nc_tpa=Q5bMBQKBciaAJq1R3NIeW2dMN4LSeKgH-M3s15LXM4kTW-G0bMSK-Z_NAHeMNCLPJ7hbhKPsls-0ETCFFQ&stp=c0.5000x0.5000f_dst-emg0_p64x64_q75_tt6&ur=52f3c4&_nc_sid=58080a&oh=00_AQJ2KZJF-pXitFa01kF47_XT4i7qqC5W7qw7p9MmqUkf0Q&oe=6ABF1C94
114,c:1404312218226694,Test - Test - Test - video1,Greentide,hp,1,62,2,31,2026-07-29,2026-08-04,no,yes,120250077517590201,https://scontent-lhr11-1.xx.fbcdn.net/v/t15.5256-10/759319927_2104913484242983_5332657486006810944_n.jpg?_nc_cat=101&ccb=1-7&_nc_ohc=QpLDhcaPBm0Q7kNvwF0bjEH&_nc_oc=Adp-CJrjxbidP3ZVKKY80dS81v2jjaiZ-onPy13uRZ5EDU8_WMSutD6jlcrubbYEtGALA2wi9tj25F4fRsji_J40&_nc_zt=23&_nc_ht=scontent-lhr11-1.xx&edm=AOgd6ZUEAAAA&_nc_gid=6IohvR6DnaG0rFoe6iw7tQ&_nc_tpa=Q5bMBQI1CBTihZ-nPiZ9cm3XCIjplpFxprDNo6U9w40zSdaHG4RHNWNB3tSb7YwSvXhG5BfoTT3Jg-7lUA&stp=c0.5000x0.5000f_dst-emg0_p64x64_q75_tt6&ur=b696e2&_nc_sid=58080a&oh=00_AQK5vy9ZffvnSzvUNqbMvhtFCX8LrPhx02CvhEMv6Yp03g&oe=6AA00276
115,a:39ea69a8-ffe4-4e35-ab34-28888d59e5be,Test - Vid1,Arktek,solar,1,62,0,,2026-08-03,2026-08-10,no,no,120248870627780083,https://scontent-iad6-1.xx.fbcdn.net/v/t15.5256-10/765284199_1029558783221197_4988937995224469974_n.jpg?_nc_cat=102&ccb=1-7&_nc_ohc=c5mhLcxZ7MQQ7kNvwGm41E-&_nc_oc=AdqvSAjmhogYvTd30UPQz9MYuPT5zNBi5x3CvaqYAHZqFTARnRkT7epXcb1qUBKHRBe5hqbCQEaFPdafsdk10AlI&_nc_zt=23&_nc_ht=scontent-iad6-1.xx&edm=AOgd6ZUEAAAA&_nc_gid=_JMQM73eJr_Hwb907Ub5gQ&_nc_tpa=Q5bMBQJKleUy7RfP1JsVfHFelXB7iW-4mqF4m1eV7aKvPkhufBTD3BtfDgiaK3PV1pUNCSNKsOkE073FBw&stp=c0.5000x0.5000f_dst-emg0_p64x64_q75_tt6&ur=4c1fc5&_nc_sid=58080a&oh=00_AQKolmdtFGNAvO0EBE77r4cuThj_7yqbS3aDf_YA8DueCw&oe=6ABEFFBD
116,a:4026e2d7-0c64-416f-b4db-80ff3377d708,9k1,Greentide Backup,hp,1,62,1,62,2026-06-29,2026-07-02,no,no,120248475769470152,https://external-iad3-1.xx.fbcdn.net/emg1/v/t13/10775756575247594777?url=https%3A%2F%2Fwww.facebook.com%2Fads%2Fimage%2F%3Fd%3DAQJ6ViPJiEdD0pRL6J5HhSbMlmDLUBScq4ZrbbCv1rzWmAH8YGTyL-fUcBDoALX1Cz29sJGSF_IaXY0YRgf6v5prZurwmhtcZfnrS2bdIPQBdNwsCE40EIMeEI_R6t7JwnciM1LmVCs9nydj6JALN5OH&fb_obo=1&utld=facebook.com&_nc_sid=58080a&_nc_ht=external-iad3-1.xx.fbcdn.net&stp=c0.5000x0.5000f_dst-emg0_p64x64_q75_tt6&ccb=18-1&_nc_gid=bXNWzf2dvLSKROHEpOmPAQ&edm=AOgd6ZUEAAAA&_nc_zt=3&_nc_tpa=Q5bMBQK90BSH-M2xWLR46Oismbr1E7jGD40P-90nRBqIOmHnvGflfYmq3MOmNGJ4RZBFRw97j4D_HpooHA&oh=06_Q3_DAQhtrxnIMHU5e3-EkMlUsiGcH6w7JczDnXB_EQ0rsVWH&oe=6ABB1F81
117,a:ff04fdc2-b5ce-481c-90a9-d34435a49397,Solar2,Arktek,solar,1,62,1,62,2026-07-15,2026-07-18,no,no,120248305250710083,https://scontent-iad6-1.xx.fbcdn.net/v/t15.5256-10/741324456_1701912584396002_944651624230422324_n.jpg?_nc_cat=107&ccb=1-7&_nc_ohc=9ObJUakH-zgQ7kNvwHiTEdT&_nc_oc=AdpJEAkb3U6W89StBzMh0rRnmU5JhwWXuqDHd_nggJ5kqbvayiXlkZkwZSOo3NygtC8z_xLHjSiGLxaTxZ9KpR92&_nc_zt=23&_nc_ht=scontent-iad6-1.xx&edm=AOgd6ZUEAAAA&_nc_gid=_JMQM73eJr_Hwb907Ub5gQ&_nc_tpa=Q5bMBQL3YTV-LGpwrTx2CC6cn8XBKblNi71orx-cNTiPDMlA7G52vNembPiRla7BT5LgECdLm4WC5p0D8w&stp=c0.5000x0.5000f_dst-emg0_p64x64_q75_tt6&ur=b696e2&_nc_sid=58080a&oh=00_AQLe1QLpYcfc48ye1kJNnv-TcNXOzKiUhT7KNRLt53nGLg&oe=6ABF0525
118,a:a3f17f20-b374-40cb-a152-070c76eae8df,Boiler video ad 2,Eco Green Upgrades,not set,1,61,2,30,2026-07-09,2026-07-16,yes,no,120253873426300011,https://scontent-lhr6-2.xx.fbcdn.net/v/t15.5256-10/723084433_1010799061332994_4460875994581185_n.jpg?_nc_cat=107&ccb=1-7&_nc_ohc=RkNLvn0vCA4Q7kNvwGzEt3T&_nc_oc=Adqo0ujkfu2U_9y57pTJiXUtOjrnIV9lNHo3_hXe5ML-F570zW5hls2Z3hd1X5N2BuZYqAzoRQSeyVZ6BxrqEgKN&_nc_zt=23&_nc_ht=scontent-lhr6-2.xx&edm=AOgd6ZUEAAAA&_nc_gid=dlnB1Jb_PGTTTWC6gJwRKg&_nc_tpa=Q5bMBQEZPOvA38xvGFfQ8PeZ5ErpefqM1_HNK6ujqGOppn8VUa6SUqchnpTKLAB3gozE_gq_NJaxfhuEnw&stp=c0.5000x0.5000f_dst-emg0_p64x64_q75_tt6&ur=b696e2&_nc_sid=58080a&oh=00_AQCAXXLw-gYWAkRPDkyL8AjppZkT8F5Jijh9RQ1Mir3GnQ&oe=6A5E09D2
119,a:bbdef464-d684-478c-ac96-0e85a114cb13,Funnel Static 6,InstallrHub,not set,1,60,0,,2026-08-04,2026-08-09,no,no,120249444736990731,https://scontent-lhr11-1.xx.fbcdn.net/v/t45.1600-4/763267377_1983427822375236_1027706637715567437_n.png?_nc_cat=111&ccb=1-7&_nc_ohc=drPpppFaV1IQ7kNvwF-cEb9&_nc_oc=Ado3hi_lI7OBLW1L8RO9pRcqcz63pt5FKH7URp4AeGTMEh9o3w-ZaPxeP1I3ELI1cmPwGUyRb_aum7eG6JnjlMFY&_nc_zt=1&_nc_ht=scontent-lhr11-1.xx&edm=AOgd6ZUEAAAA&_nc_gid=rKKfg4wHGcQ1WhR033c62g&_nc_tpa=Q5bMBQKlik5ahCFWNwwozRbAgFc_aaSZJpKeKck80Ot1HpezGUvaKqcP-_GFpYFunsHcb-819JZ0BG8V9g&stp=c0.5000x0.5000f_dst-emg0_p64x64_q75_tt6&ur=52f3c4&_nc_sid=58080a&oh=00_AQGDi3b2rdu9alR_jeSD5Gz6AatNTh28JZ1U57-3Uk_MGw&oe=6A95892D
120,a:96bf3712-7a63-464d-ad85-563931bd56cc,HP-Static-ad-3,InstallrHub,not set,1,59,1,59,2026-09-24,2026-09-27,yes,no,120250022035220731,https://scontent-iad3-1.xx.fbcdn.net/v/t45.1600-4/757011356_1977051936346158_3065299998734785880_n.png?_nc_cat=104&ccb=1-7&_nc_ohc=udNgcO87RIgQ7kNvwFWxPKw&_nc_oc=Ado9CCcEL07IXpU42y5-3D1mEV6Je66j_I2oL1e0LZCGPotKfZWePvYQGqXcrDt1TcLNy56TvBqg9un5WXxZkZVZ&_nc_zt=1&_nc_ht=scontent-iad3-1.xx&edm=AOgd6ZUEAAAA&_nc_gid=PulLCBilRpwPKtZPrGOtIA&_nc_tpa=Q5bMBQIN7JWKrG50BsOy28iT3tywViRj4owfk4pYe4vdoYi9XLgF7vyq1lDNiwKYNsmNMYZaKWG5yCQ7VA&stp=c0.5000x0.5000f_dst-emg0_p64x64_q75_tt6&ur=52f3c4&_nc_sid=58080a&oh=00_AQL1wYxydYEELIg6qUl0Uk78yIB_PmVKAwVOGer9eVXs-A&oe=6ABF1CC2
121,a:b3658601-a327-4f7f-b60c-2006f631a63d,Image-UC-Urgency-Boiler-1 - Copy 3,National Eco,not set,1,59,13,5,2026-06-29,2026-09-24,yes,no,120249513714500012,https://scontent-iad3-2.xx.fbcdn.net/v/t15.5256-10/685685907_1301341878807670_2625317980009629780_n.jpg?_nc_cat=105&ccb=1-7&_nc_ohc=yRLaAUwsT5YQ7kNvwGnLMCO&_nc_oc=AdqD6hM2rVW4QTXXefzUqHgurQ3xFPVSMUamlnRrsDWQxXRyvPiMkstUjSZUVRqWsG_D6sYMNdQXubgfyvGrKpZS&_nc_zt=23&_nc_ht=scontent-iad3-2.xx&edm=AOgd6ZUEAAAA&_nc_gid=DEoYwc28bgdz_zxnutoyJw&_nc_tpa=Q5bMBQJ_TgYBnQpVJZBD4I8jOG1akoWPq9CFTxKs0dBqE0NSf1OYEdEuh78CyMCI1LHstr_cXtEKPVoGzA&stp=c0.5000x0.5000f_dst-emg0_p64x64_q75_tt6&ur=b696e2&_nc_sid=58080a&oh=00_AQIOLvdsujpqsUFwUfHHrMlJ_tdngj6mhMVs0Nx5HbLVHg&oe=6ABF2C41
122,upload:8e2dacc1-76d0-4745-88f9-830551f4e216,Test - Test - Test - ad1,Arktek,solar,1,58,0,,2026-09-04,2026-09-06,no,yes,120249519361480083,https://scontent-iad3-1.xx.fbcdn.net/v/t45.1600-4/784981428_2001537137230971_1403667304825999536_n.png?_nc_cat=110&ccb=1-7&_nc_ohc=pHzHUADDvpgQ7kNvwGdTObH&_nc_oc=Adrj4qyZGmnAxdMRYdWg1q2rVAWGN1o5pmZH5lddwMPrFY5DO16SkAuavTHJOD17kVZsVIlQ1wR91LY6Gr47uHjt&_nc_zt=1&_nc_ht=scontent-iad3-1.xx&edm=AOgd6ZUEAAAA&_nc_gid=_JMQM73eJr_Hwb907Ub5gQ&_nc_tpa=Q5bMBQKAKpeiXZBMdGkUC1VJn90Pdu3GwzTopqoabB0WpjENEAxM1Z-UWCVFEbc8nvZyZFOKQ1RrEvIEVw&stp=c0.5000x0.5000f_dst-emg0_p64x64_q75_tt6&ur=52f3c4&_nc_sid=58080a&oh=00_AQKlKDIySznX6uPvoVpcj9CuZ_G2Bo7Nz3ETW3F2jZFTTg&oe=6ABF13E9
123,c:2904005503292534,Test - Test - Video,Greentide,solar,1,58,0,,2026-07-16,2026-07-20,no,yes,120249763773430201,https://scontent-lhr11-1.xx.fbcdn.net/v/t45.1600-4/746473462_1966135160771169_8144770515771448868_n.png?_nc_cat=101&ccb=1-7&_nc_ohc=aO42r3hlfBoQ7kNvwE2BDjV&_nc_oc=Adr2X25WYC7L27cFLAkGZAaJDpk46eKnzJ7XYwr1JUwHjFWlqUcHw5kn3F8WSYAq8YPcZqyCL4wqDapAVVoLBVG4&_nc_zt=1&_nc_ht=scontent-lhr11-1.xx&edm=AOgd6ZUEAAAA&_nc_gid=6IohvR6DnaG0rFoe6iw7tQ&_nc_tpa=Q5bMBQJBWn3KcNmLbQanEn_n6NRSsRNurXBKBXz7uI7kCIyruLJq3tal-DLg8tZsoXGpG_eUk92IYSOYrw&stp=c0.5000x0.5000f_dst-emg0_p64x64_q75_tt6&ur=52f3c4&_nc_sid=58080a&oh=00_AQLyewiy_cjYA8zo4GKqeoh_ogGEnbbaE8Uwat2FWJqFsQ&oe=6A9FF435
124,upload:e6a0cffd-2f4d-4d3a-ba7d-5b020ce254a1,Test - Test - Video,Greentide,solar,1,57,1,57,2026-07-16,2026-07-21,no,yes,120249763773580201,https://scontent-lhr11-1.xx.fbcdn.net/v/t15.5256-10/711945530_1303623268063702_5619927191468560716_n.jpg?_nc_cat=101&ccb=1-7&_nc_ohc=ws3CoArWAqsQ7kNvwHwvBGV&_nc_oc=Ado_XPo0OaN6y-8uYFe2oSASlrAYordKzDd-QbuiodPg-vVW4amj1ZOwlerL0tvQ7jKUHSSzkDG2eJAAD13_-zsM&_nc_zt=23&_nc_ht=scontent-lhr11-1.xx&edm=AOgd6ZUEAAAA&_nc_gid=6IohvR6DnaG0rFoe6iw7tQ&_nc_tpa=Q5bMBQJOTesJOkJ5bdHx6IVwiHaq47qKmq-tsqMr635NcOE0NhTK1H0Gczj-KquUg0jF84ZEOETHlPzmcA&stp=c0.5000x0.5000f_dst-emg0_p64x64_q75_tt6&ur=b696e2&_nc_sid=58080a&oh=00_AQK7Pz0Pefa0bN-W2WEp5SpT_dUlTVmHPfwi9wVA3p1mtA&oe=6AA01E7B
125,c:2443611199465596,Test - Test - 9k1,Greentide Backup,hp,1,53,0,,2026-07-08,2026-07-10,no,yes,120250017759360152,https://external-iad3-1.xx.fbcdn.net/emg1/v/t13/3152503078205005012?url=https%3A%2F%2Fwww.facebook.com%2Fads%2Fimage%2F%3Fd%3DAQLMKtB2nNyvJQNwjZU_ziHbtieN8X79N3XJpwcnd-FbCfNIIoGHlfqRTFjbq5kbQduzJIAfuioQsg9YPITlVHzzbVJ789kdi0ykKZzHKE-oKKgeEc1bSTZdGoaI68_rhYEC2A_sXMnIjNLsai44koiT&fb_obo=1&utld=facebook.com&_nc_sid=58080a&_nc_ht=external-iad3-1.xx.fbcdn.net&stp=c0.5000x0.5000f_dst-emg0_p64x64_q75_tt6&ccb=18-1&_nc_gid=bXNWzf2dvLSKROHEpOmPAQ&edm=AOgd6ZUEAAAA&_nc_zt=3&_nc_tpa=Q5bMBQIYUafIgeR4yL9u4SFbSS5HNIXAdInjHCUT_hTBvNF4K_tHqsuE6wxH4o2X9hkIZBCF9--vQYOdyQ&oh=06_Q3_DAUwkDCJu-U8S8DBx-uBtC95Jb1NfvDTz1odi6bvBFh1B&oe=6ABB33D0
126,upload:ebf0692d-6f4b-452b-b442-5f64b3ddd3c5,Test - Test - video1,Greentide,hp,1,49,2,25,2026-07-25,2026-07-29,no,yes,120249989471110201,https://scontent-lhr6-2.xx.fbcdn.net/v/t45.1600-4/756045808_1974521896599162_5451628085526391714_n.png?_nc_cat=109&ccb=1-7&_nc_ohc=HKJGl8FRzdcQ7kNvwGwqtn2&_nc_oc=AdoilCWyYb5mvNiZFEPefa84WMrBwP4a35BIAnONjwJddLAbVAi2MZya-rcsuhwptKhSh0NvFOG7D5QklX9I3nfs&_nc_zt=1&_nc_ht=scontent-lhr6-2.xx&edm=AOgd6ZUEAAAA&_nc_gid=KOuN3R9Zvw6HnejQQxVwbg&_nc_tpa=Q5bMBQIOtUPvjyziwPEWGzGJZSH5uSQzSlNcPxGZhW5HSzEu4azAOCp23pCUgb3HeswRz-8jH8PJiZ8jJA&stp=c0.5000x0.5000f_dst-emg0_p64x64_q75_tt6&ur=52f3c4&_nc_sid=58080a&oh=00_AQEq_bmDbBVsF4c46hiiL348Fp_AUOSh4oJo5SSnxPZ7wQ&oe=6A7F18C1
127,c:1061309889590171,Test - Test - Test - Test - 9k1,Greentide Backup,hp,1,48,0,,2026-07-25,2026-07-28,no,yes,120250426349250152,https://external-iad3-1.xx.fbcdn.net/emg1/v/t13/3111069161706787376?url=https%3A%2F%2Fwww.facebook.com%2Fads%2Fimage%2F%3Fd%3DAQLEFqsW_nEhXdGwaUAZHzEa13S_MV3SXgK6IB_PLtj3jtKQwGX93ehhaQB4NPi8FrnMO0Mau1QNCQsgL7K7s5_5IWnTMAOuSNX9_RtR_gcgpQb3PjXC4aesUCtDyU-rS-zp9_zKVcptKBhwsOVRCAgt&fb_obo=1&utld=facebook.com&_nc_sid=58080a&_nc_ht=external-iad3-1.xx.fbcdn.net&stp=c0.5000x0.5000f_dst-emg0_p64x64_q75_tt6&ccb=18-1&_nc_gid=bXNWzf2dvLSKROHEpOmPAQ&edm=AOgd6ZUEAAAA&_nc_zt=3&_nc_tpa=Q5bMBQIISJ0A9aN0v9heHMIa7sb33lFKzp01pQqJkKGpVGscoJlePQQjdFFcGAIsmfdGMEbGn7kTZgtjKg&oh=06_Q3_DATvg-bub8gFQTKo6Rl_aoihBEkLx2v9R6kPoRXhcLJlW&oe=6ABB12EB
128,upload:ea466a8b-16b1-4938-b6fe-fcf393306564,Test - Test - Solar5 - Copy,Arktek,solar,1,48,0,,2026-07-22,2026-07-25,no,yes,120248608098220083,https://scontent-iad6-1.xx.fbcdn.net/v/t45.1600-4/753348096_1973183643399654_6720605692535374755_n.png?_nc_cat=109&ccb=1-7&_nc_ohc=0B2Kl2LAbdIQ7kNvwH7-kmW&_nc_oc=Ado7SWfsf1Yh5zY0EeZv8FQYfosNt0hl34St0Tyy93CiyIBW7JDpDfVrhIcCU63i8Ri6gEq6OXdfMw0n09kZu6D4&_nc_zt=1&_nc_ht=scontent-iad6-1.xx&edm=AOgd6ZUEAAAA&_nc_gid=_JMQM73eJr_Hwb907Ub5gQ&_nc_tpa=Q5bMBQKuJeyrAlowYUNfDJ6WFUy4jg22deWGl7qQ8sGPpwxiDgXXuXwXLRDJbZRkSYuRXeAld_MWx1UYrQ&stp=c0.5000x0.5000f_dst-emg0_p64x64_q75_tt6&ur=52f3c4&_nc_sid=58080a&oh=00_AQK3UoXCT7I62zEmklncEKR01OcxCWE08CA7OwV3xn0SVQ&oe=6ABF2DDF
129,a:1bc56654-a36e-44ee-a712-c593062a1cad,Test - video1 - Copy 2,Greentide,solar,2,48,0,,2026-07-06,2026-07-08,yes,no,120249462131650201 120249433536820201,https://scontent-lhr11-1.xx.fbcdn.net/v/t15.5256-10/698817243_1302316905407225_3202446281595692053_n.jpg?_nc_cat=106&ccb=1-7&_nc_ohc=bMP0Uo0EzDAQ7kNvwHpZa7A&_nc_oc=Adp8H8GRVOxcDydDGnDVdudzN7htLPQe5hWzJqZXbJysSKBHCfjbYrFS5hJ8Yc15wnM70oc3Vep_Ipl9u44jY4Q4&_nc_zt=23&_nc_ht=scontent-lhr11-1.xx&edm=AOgd6ZUEAAAA&_nc_gid=KOuN3R9Zvw6HnejQQxVwbg&_nc_tpa=Q5bMBQKkYVlMDivtDAmj9mDCQl-pjGybiY56nKe7uSw757Q-EOpRABJM86odk8MT2d5PELIUWWhZr3gvBg&stp=c0.5000x0.5000f_dst-emg0_p64x64_q75_tt6&ur=b696e2&_nc_sid=58080a&oh=00_AQE0hYuzPJeqfZKi5-VTVF2GKxtxJyRd0kjEBRYJMPe-0g&oe=6A7F1A3D
130,upload:3a0ae497-962f-45cc-b252-6a3340c989c0,Test - Test - Video 1,HQ Group,hp,3,47,2,23,2026-06-29,2026-09-18,yes,no,120249869280980306 120250020256070306 120250050627360306,https://scontent-lhr6-2.xx.fbcdn.net/v/t45.1600-4/733756617_1954767245241294_6199320067298813306_n.png?_nc_cat=105&ccb=1-7&_nc_ohc=SS34qnY3LygQ7kNvwF42PQj&_nc_oc=AdrbNePiLbhUnGrlreDOZtLWmE64yuGM64X6Y0qjKpp8gMN0exr5wFQb2Ah2KU4QaOdV4drrD_7nArlTyPJaQsq_&_nc_zt=1&_nc_ht=scontent-lhr6-2.xx&edm=AOgd6ZUEAAAA&_nc_gid=xWCtarvktHi_8T_1DSi2IA&_nc_tpa=Q5bMBQLFR0O4nae7x7sJ-CJ39RpKZ1u7wMAP4DJBvOEzNqsRo3SxZo08NQIAGI8YUv82azcXtoceIxT-Kw&stp=c0.5000x0.5000f_dst-emg0_p64x64_q75_tt6&ur=52f3c4&_nc_sid=58080a&oh=00_AQJYTQvdAAGs_9VSJepRGxnsPwagKSFCx9nWNyBs3fSsMw&oe=6AB3CFDB
131,upload:88cb8e27-56e6-45e0-94ab-a9b308b7a70a,Test - Test - Video,Greentide,solar,1,46,0,,2026-07-13,2026-07-15,no,yes,120249656527550201,https://scontent-lhr11-1.xx.fbcdn.net/v/t45.1600-4/746664636_1966135127437839_6644558982376848020_n.png?_nc_cat=101&ccb=1-7&_nc_ohc=QWnbb6FyX80Q7kNvwH-wUV4&_nc_oc=AdptFYDvr1OSAmwO-r_9iyYA6ef8D1H74f-b-hZdF8KzFkWoMC731n_ZR82KJ9MAxtlS3G1O_ZgoAnUp6zSY_kmT&_nc_zt=1&_nc_ht=scontent-lhr11-1.xx&edm=AOgd6ZUEAAAA&_nc_gid=6IohvR6DnaG0rFoe6iw7tQ&_nc_tpa=Q5bMBQIUcKWZKYoeSzZPknFTORU-6xzbB9zqnYcPJOLAu6tb99wrlTGkP3NdXh4LRINT7AOlmYexhrzZdg&stp=c0.5000x0.5000f_dst-emg0_p64x64_q75_tt6&ur=52f3c4&_nc_sid=58080a&oh=00_AQIgQkfzcls3WLF9bvw8cLqc8yzhHpgW6ZnH7vk3tDYZ7Q&oe=6A9FEF4F
132,a:c66c2eb3-00d6-4ff1-b2e7-ae39b01f42d3,Funnel Static 2,InstallrHub,not set,1,46,2,23,2026-08-05,2026-08-06,no,no,120249438307060731,https://scontent-lhr6-1.xx.fbcdn.net/v/t45.1600-4/761150965_1983427812375237_5402022724762920139_n.png?_nc_cat=108&ccb=1-7&_nc_ohc=BBUy9spiQ10Q7kNvwEeVpXz&_nc_oc=AdpWUFHwu-ihEq4L6ZHLZZzGus3Dw5GqtRISlMTXScU7XOzPNE-RZSvvcwJI7jcjHj3DymT8-XZV96By_tZYRUPo&_nc_zt=1&_nc_ht=scontent-lhr6-1.xx&edm=AOgd6ZUEAAAA&_nc_gid=rKKfg4wHGcQ1WhR033c62g&_nc_tpa=Q5bMBQJMcs6Z81E2K7OLUvO3NYrueO_n9F2lRVmypEw7RnZ9qUVymBPp4dBw0QhWwks9cEG0uzp53IHkMg&stp=c0.5000x0.5000f_dst-emg0_p64x64_q75_tt6&ur=52f3c4&_nc_sid=58080a&oh=00_AQFa7WUkFn4VQ_lLg3EbO0EdEbPIrUESdK4Xz07JDoIcKA&oe=6A956AD2
133,upload:fec4e2d2-dcf9-4aff-a5d4-ae89a91a083f,Test - Video,Greentide,solar,1,46,0,,2026-07-25,2026-07-29,no,yes,120249989123470201,https://scontent-lhr11-1.xx.fbcdn.net/v/t15.5256-10/754724915_2330058924433253_2375091581236213228_n.jpg?_nc_cat=107&ccb=1-7&_nc_ohc=IrVGTFuHS20Q7kNvwFQ_TbR&_nc_oc=AdqJ_cDeGvk8oWZIwztibTHx-rUnwlx6NCu1QvbBn7CiGPtLpMmU2D_OqBIAdq4UkNTnP2VWpaVU4Oa6adRxlDRY&_nc_zt=23&_nc_ht=scontent-lhr11-1.xx&edm=AOgd6ZUEAAAA&_nc_gid=6IohvR6DnaG0rFoe6iw7tQ&_nc_tpa=Q5bMBQIcgtkpsTGANwCyclTyqg8n0rC5-uacwZIYEuSpRDUN9-i1f2E5Ocoo3x-GAmAn0hVYkcoIyyB4vQ&stp=c0.5000x0.5000f_dst-emg0_p64x64_q75_tt6&ur=b696e2&_nc_sid=58080a&oh=00_AQIb6L0B7lsreTLkQ9ReHFf2Sh1UMYNabdddSaiWcfQt1A&oe=6AA00F73
134,a:2433069c-397f-4be0-988c-3fd8d9398ef7,HP | WAD-D v4 - Savings | 223 – Copy v2,Helix Power Ltd,not set,1,45,1,45,2026-08-13,2026-08-28,yes,no,52563938053918,https://scontent-lhr6-2.xx.fbcdn.net/v/t15.5256-10/739294958_5496743793883426_7973772409675622568_n.jpg?_nc_cat=109&ccb=1-7&_nc_ohc=h7tp7ZxBaAIQ7kNvwHA_INy&_nc_oc=Adrom-2ykzP_tA_MmpBxu0DVpegt-1PiD7r4VCaZILns6EUbj9v2s23uOk8vnvciFxIPBEgn6pmdjZoQGRZM0jZl&_nc_zt=23&_nc_ht=scontent-lhr6-2.xx&edm=AOgd6ZUEAAAA&_nc_gid=pAweFddxxT9CrY_eOg7TXg&_nc_tpa=Q5bMBQLLGjJ4vERdf7CfuShrxjfBGhiXRc_UhXmyD8LBwEs8lxzFXJyo3fsRvo6J2LVrJ83ydZePKWiATg&stp=c0.5000x0.5000f_dst-emg0_p64x64_q75_tt6&ur=b696e2&_nc_sid=58080a&oh=00_AQK_yleeqgNJWfjtaQxHdvrmZQ8ESqC3eJHB0QBbikK9mA&oe=6A982F53
135,upload:283e16b6-e10a-4c7b-b4b1-81ef63adcac0,Test - Test - Test - Test plain ad V4,Greentide,hp,1,44,0,,2026-07-22,2026-07-29,no,yes,120249910057270201,https://scontent-iad6-1.xx.fbcdn.net/v/t45.1600-4/750463986_1969248703793148_5388287097990642794_n.png?_nc_cat=100&ccb=1-7&_nc_ohc=ZAwTCT9HJhoQ7kNvwHCkBCq&_nc_oc=Adrtho4iW1JVUbMaWX1r60e0yPt8oFW8qkABt9iwSvt-KK50TI5n45Jrjkp4TCz9Rh5z7jr6ORNQ3B0kha7C-l82&_nc_zt=1&_nc_ht=scontent-iad6-1.xx&edm=AOgd6ZUEAAAA&_nc_gid=hrD-nfg2qTdv4OfS46sQRg&_nc_tpa=Q5bMBQLFPQZTqUgPZE7ZeZsNXcFWxBzBPYQ7TB-k5kaxADnZSoX0f0gRI6fwzTKz6KMkLhH8Lt8ADScHTg&stp=c0.5000x0.5000f_dst-emg0_p64x64_q75_tt6&ur=52f3c4&_nc_sid=58080a&oh=00_AQIanYD7GJ08-Q9lKnHesgnA-wQFoQISvVEuehxo5c5GDA&oe=6ABF0B4B
136,upload:3c914670-1e01-4ffe-8f24-9978ee0ceb9f,Test - Test - Test - 9k1,Greentide Backup,hp,1,44,1,44,2026-07-22,2026-07-25,no,yes,120250362580500152,https://scontent-iad3-1.xx.fbcdn.net/v/t15.5256-10/752631745_1353042670234549_4824303690222451457_n.jpg?_nc_cat=108&ccb=1-7&_nc_ohc=GOXBhElsd34Q7kNvwHYTk9F&_nc_oc=AdrrnHj25fIVCRcEgWeESqaHkB-WmUvXokISTq5o3WYKaPXwSo96gyF-whLO6bR_9o_qGoonSHslWW_OlNcbPeuo&_nc_zt=23&_nc_ht=scontent-iad3-1.xx&edm=AOgd6ZUEAAAA&_nc_gid=bXNWzf2dvLSKROHEpOmPAQ&_nc_tpa=Q5bMBQL0TWBFadyaNajse-xw2GhALyGq9x8DyhUPkISzgNOSXePtOaZ0Ujf2CSO7D0wfc0GbMJGwEyivdg&stp=c0.5000x0.5000f_dst-emg0_p64x64_q75_tt6&ur=5fad0e&_nc_sid=58080a&oh=00_AQKas8i23l-NoTX8Ut-qYt6DRsEyhc6WWyOCbErDXaZyQw&oe=6ABF1733
137,a:53abc404-7d8c-4bb6-8568-75dac0e8ce49,Test - Test - Test - Test - image1 - Copy,Retrofit Group,solar,1,43,0,,2026-07-13,2026-07-27,yes,no,120246936998810125,https://scontent-lhr6-2.xx.fbcdn.net/v/t15.5256-10/727276071_1316605606769740_4257988048124237362_n.jpg?_nc_cat=107&ccb=1-7&_nc_ohc=rD1gX9PF4uUQ7kNvwG0O2mP&_nc_oc=Adr8xIK6rH_SiMoMC22JnsH8xRuBz8uQR1Lch7SxADdFveg6nJOFLqSntrRu39RFT3vYM-GvJV3Ub3ALjDli0Ba8&_nc_zt=23&_nc_ht=scontent-lhr6-2.xx&edm=AOgd6ZUEAAAA&_nc_gid=cKUCh69s2Cq_6gBtaXiy_A&_nc_tpa=Q5bMBQFa7jlxZgVp-IcC3AX0Q4sJC-OT6XkPVSvC6m2c43CJ6l7hRCoJ_y1JLWPJf59sIVkqglXxejC1Qw&stp=c0.5000x0.5000f_dst-emg0_p64x64_q75_tt6&ur=5fad0e&_nc_sid=58080a&oh=00_AQBtv-lFEovaDFCQqXYiPiS1TYiGvUbtDmJU26jHq4nmew&oe=6A6F505E
138,a:3dc39a6d-62de-4ddf-bd0d-01d215b952f8,Test - Video,Greentide,solar,2,43,0,,2026-07-29,2026-08-21,yes,no,120250077779560201 120250197960900201,https://scontent-lhr6-1.xx.fbcdn.net/v/t15.5256-10/757000094_2647185539030258_3360566646506963842_n.jpg?_nc_cat=103&ccb=1-7&_nc_ohc=8XUpakrXm5YQ7kNvwFRRdG0&_nc_oc=Adr74HnvPl8NEHPEDddZYVq1kFFU5TqalS4dqDLWZrceTqPC_9V12r_Lw6vLhzoiXGVoIXk7wn6XFaGs7O9E2mwH&_nc_zt=23&_nc_ht=scontent-lhr6-1.xx&edm=AOgd6ZUEAAAA&_nc_gid=6IohvR6DnaG0rFoe6iw7tQ&_nc_tpa=Q5bMBQKEJ3WPaa-s5tVh6PPAaqgP5VU9Pj_b0UIjcleptUcXm0jzlBcx6xIeM84EOueZ7vkbHQNcLzOaBg&stp=c0.5000x0.5000f_dst-emg0_p64x64_q75_tt6&ur=b696e2&_nc_sid=58080a&oh=00_AQJcBXV5O54VOosMdBzczijeI5WwY0tCzGJkeddSOeUzuQ&oe=6AA01281
139,a:d5148316-4c05-41f3-87aa-1e0a39230f26,Test - Test - Test - Test - 9k2 ad,Greentide,hp,1,42,0,,2026-08-11,2026-08-12,no,no,120250396929300201,https://scontent-lhr6-2.xx.fbcdn.net/v/t15.5256-10/756768065_790619247445301_1235063981182192416_n.jpg?_nc_cat=109&ccb=1-7&_nc_ohc=DlY8nAtZV4kQ7kNvwGd4alQ&_nc_oc=Adpe-eVqtMByrpLccRhzwH-0Ad5B7gG9QzCe6_hMMwc2My5Nade1f1jtrdgKU_h-JVMprN4zyUpLrwqDbai9qI66&_nc_zt=23&_nc_ht=scontent-lhr6-2.xx&edm=AOgd6ZUEAAAA&_nc_gid=R57gT4XcXEc4zhiKRZ31YQ&_nc_tpa=Q5bMBQKEtwVc-P_dGaTn3Trn9OSpqX18zyKqu8nFsfaosxyDpwf0lYiXMnAZF440bddALRbBfOhT4fMq4g&stp=c0.5000x0.5000f_dst-emg0_p64x64_q75_tt6&ur=b696e2&_nc_sid=58080a&oh=00_AQHmgbPn8ErGKH-SUGMyF4yWYtIGE3i_oODWaExSoSUHpg&oe=6A957880
140,a:25e2d040-6c0a-4637-adcd-f290ff7a3f74,Test - Test - Solar5 - Copy,Arktek,solar,1,41,0,,2026-07-29,2026-07-31,no,no,120248762812800083,https://scontent-iad3-2.xx.fbcdn.net/v/t15.5256-10/756338725_1556496142626505_8852862417162644757_n.jpg?_nc_cat=105&ccb=1-7&_nc_ohc=UgXHghAw5m8Q7kNvwF-3EYb&_nc_oc=Adrxo8TUi5T8Z7LlviVezQRkkeLzLOZZaWSFuUwAfd45PlnowWyUzPhJP5QeA9yHnOX4ssBGWWH4FBRXkgxWODcx&_nc_zt=23&_nc_ht=scontent-iad3-2.xx&edm=AOgd6ZUEAAAA&_nc_gid=_JMQM73eJr_Hwb907Ub5gQ&_nc_tpa=Q5bMBQIkSHg47CmtFFt90Ui8RsjfmvuxPjLNj3IGPFJXFHReOC4H7hM4_3P-tjibfuRCqnUhBfkITVGspA&stp=c0.5000x0.5000f_dst-emg0_p64x64_q75_tt6&ur=b696e2&_nc_sid=58080a&oh=00_AQLIU2esFxknMgN_GAYN676Lu16BYJ55B2OPff4K5RRT1g&oe=6ABF04BF
141,c:1701654738243604,Test - Test - Video 1,HQ Group,hp,1,41,0,,2026-09-14,2026-09-18,yes,yes,120251974372740306,https://external-lhr6-1.xx.fbcdn.net/emg1/v/t13/2172889218168409764?url=https%3A%2F%2Fwww.facebook.com%2Fads%2Fimage%2F%3Fd%3DAQJucUbopmA44OUSPEv5KqX1gn0-DlJzXDlbkWx0XjzownxsYyNm7Q4JlnRQ-_3hfPyjncNwcEr2HgqEFvDrLEuM-A_rbx5MUmTB_7pFSjI4L5P2ooSaK6PBDroi17U_GhiXQn5CH2AzYBJfvf5lRofg&fb_obo=1&utld=facebook.com&_nc_sid=58080a&_nc_ht=external-lhr6-1.xx.fbcdn.net&stp=c0.5000x0.5000f_dst-emg0_p64x64_q75_tt6&ccb=18-1&_nc_gid=xWCtarvktHi_8T_1DSi2IA&edm=AOgd6ZUEAAAA&_nc_zt=3&_nc_tpa=Q5bMBQIdPQtT6HsYLAwtjsj7tyd67DisVqXxbBgsmKU6MYU9pfCnEHQM805VYNklkthJqQewG3kOUkL_zg&oh=06_Q3_DASLtEP155XHochwPe_SRDyQPnrS4rftseUJ0V5o2VR7J&oe=6AAFD74C
142,a:c7ee550e-6cf2-467e-ad6f-2d5d39919f97,Funnel Static 4,InstallrHub,not set,1,40,0,,2026-08-04,2026-08-04,no,no,120249444618320731,https://scontent-lhr11-1.xx.fbcdn.net/v/t45.1600-4/762893652_1983427842375234_663168925157022723_n.png?_nc_cat=110&ccb=1-7&_nc_ohc=q-j56yyxJYEQ7kNvwEIG_RG&_nc_oc=AdqLiw6ajzQjjgajfY9OiDzWUub5Yt1B6MiH8Le0L5ajZcdpOBVNls8yectfda0eJJQ9nbjXUFtx9MfWteuh1hmn&_nc_zt=1&_nc_ht=scontent-lhr11-1.xx&edm=AOgd6ZUEAAAA&_nc_gid=rKKfg4wHGcQ1WhR033c62g&_nc_tpa=Q5bMBQJK_xww0zI0AFhh7OrM22IJhEgEAQ45xusLyViw_6gJTO8qWuje2TxE-7pfkifm6RPJxuwD5SrZjg&stp=c0.5000x0.5000f_dst-emg0_p64x64_q75_tt6&ur=52f3c4&_nc_sid=58080a&oh=00_AQG0o86urBech07T7zyX9lDlouBFDGOIU8FOz15opX8xCg&oe=6A95805F
143,c:1540494834125136,Test - Test - Test - solar,Greentide Backup,solar,1,40,0,,2026-07-22,2026-07-25,no,yes,120250362453760152,https://external-lhr6-1.xx.fbcdn.net/emg1/v/t13/17172272867065181689?url=https%3A%2F%2Fwww.facebook.com%2Fads%2Fimage%2F%3Fd%3DAQIz8oyIWluRqFAlkEnN_JVjFqC9_T7sfrjhluk2x3zNlyfv8xqUZJ_B2gIcfjMLHkAPhiVHciFR6gybFMq3lfLY8UQJk4gmzH7A3l8CTKhoCOGHZaHsp9-YjbQJbuvOdhs46QPxWnesvLXfWufOWzLG&fb_obo=1&utld=facebook.com&stp=c0.5000x0.5000f_dst-emg0_p64x64_q75_tt6&edm=AOgd6ZUEAAAA&_nc_gid=xxIPATmh880adpdghJiXLA&_nc_oc=AdqyLHTj4VfijsnkTK2Zl2I9GsvUJYNUkXfJ3-Y9Cdc6FnOoDEVsZKb01ZZyATo1PskI0oEDdZSC1Bk_MhaDLgAJ&ccb=13-1&oh=06_Q3_CAWGjvWRgyKt1lMNT_bVhUV_D6QqAK_YxXHuvlE8QBnQR&oe=6A773022&_nc_sid=58080a
144,a:910b863f-1cfb-4c7f-ae15-229059190892,Test - Test - video1 - Copy,Greentide,hp,1,39,1,39,2026-07-13,2026-07-17,no,no,120249657831560201,https://scontent-lhr6-1.xx.fbcdn.net/v/t15.5256-10/745980743_1059205776565058_6123439631705970002_n.jpg?_nc_cat=102&ccb=1-7&_nc_ohc=hKw2aMQuaXoQ7kNvwGZci_g&_nc_oc=AdpND7XXz_eD0bivykxbo4BAzG8uxcLTac3HqmIn67ocWuxPypH-MPIC6zChPkW9J2tdG-IF3DNMvVmgjrztE0Ln&_nc_zt=23&_nc_ht=scontent-lhr6-1.xx&edm=AOgd6ZUEAAAA&_nc_gid=6IohvR6DnaG0rFoe6iw7tQ&_nc_tpa=Q5bMBQLrkSssrkLQl_MbFot_6JubKZ72VRfFl5UpovkrfYtMhNwYNIkEapAqFBS4NcrIcy1fDZ4DTy1HxQ&stp=c0.5000x0.5000f_dst-emg0_p64x64_q75_tt6&ur=b696e2&_nc_sid=58080a&oh=00_AQLYc9dueyMEcO_FzuuOpqGbQRTGa-Xhtvy9wyUfj0EzEg&oe=6AA002DD
145,upload:debda5b5-9cac-4812-a5da-7c4a8119f01f,Test - Test - Test - Test plain ad V4,Greentide,hp,1,39,0,,2026-07-13,2026-07-15,no,yes,120249657104750201,https://scontent-iad6-1.xx.fbcdn.net/v/t15.5256-10/746350422_1072508611765577_5109451575083063193_n.jpg?_nc_cat=100&ccb=1-7&_nc_ohc=CV0Ug6pwtO0Q7kNvwFqnd9k&_nc_oc=AdqoDNMsMprHg5N5WaGw25241KzF_qzugFPCSyfF7u7AD7LkDH-6AcpShXgZ5-ctSF6GgbBPd6G5w120T3EnFJsm&_nc_zt=23&_nc_ht=scontent-iad6-1.xx&edm=AOgd6ZUEAAAA&_nc_gid=hrD-nfg2qTdv4OfS46sQRg&_nc_tpa=Q5bMBQLZIq8mKnQwZIsj7y0DgeNvPm1isCcF8E2r2VG0axD0iixOt_0lxx4lg-25LVZXZU-lR8xomAAbng&stp=c0.5000x0.5000f_dst-emg0_p64x64_q75_tt6&ur=b696e2&_nc_sid=58080a&oh=00_AQKS45LjyrKwX3yjUCqsWN1r6qkFv3nDhG9Cw9dySvuJHQ&oe=6ABF11B5
146,upload:c4d38258-5780-439e-ae9d-105413cd0f0f,Test - Test - video1 - Copy,Greentide,hp,1,38,0,,2026-07-13,2026-07-17,no,yes,120249657831090201,https://scontent-lhr11-1.xx.fbcdn.net/v/t45.1600-4/746472256_1966199074098111_4428040253856741386_n.png?_nc_cat=111&ccb=1-7&_nc_ohc=Qmt2ozbH_coQ7kNvwHd4f84&_nc_oc=Adry4xt17IcU2RVcgZdKekNqgqSCh4hI-Cmy_MOtaZdC6JsvclVayl6BRT0wgMy7tznpC9G1qpnL1xDIeOWwbIfF&_nc_zt=1&_nc_ht=scontent-lhr11-1.xx&edm=AOgd6ZUEAAAA&_nc_gid=6IohvR6DnaG0rFoe6iw7tQ&_nc_tpa=Q5bMBQKkDKZKRpmvVfpKEdmXThOrbqo3NmIoTPox8gUHVQ5IGI-vYY14li2uDDYICHg15F8JW9HWyRYwfQ&stp=c0.5000x0.5000f_dst-emg0_p64x64_q75_tt6&ur=52f3c4&_nc_sid=58080a&oh=00_AQKNgN4oWkLWkuLTa6mXkYZ3jM6mp5QQdRXCW2Bna1JEHA&oe=6A9FFDF6
147,c:1024212690069954,Test - solarvid2,Greentide; Greentide Backup,solar,4,37,0,,2026-06-29,2026-07-12,yes,no,120249468663860152 120249433536800201 120248961896260201 120249462131660201,https://external-lhr6-1.xx.fbcdn.net/emg1/v/t13/17632619250049255287?url=https%3A%2F%2Fwww.facebook.com%2Fads%2Fimage%2F%3Fd%3DAQIfFEjgaDv7IAoMnfj3Bs-zVDoMwAlBgfnpwywlTY-OhCO5imfBNhGGNNM-lJWvSnDK8d-fhnfECfUlmmwYCiK5_0xjL3wl5Gc_B1O7nkKdYNe7oXrGWLkGtCos1LWBM0iwSunRlVTDjDnPo3nCU8pX&fb_obo=1&utld=facebook.com&stp=c0.5000x0.5000f_dst-emg0_p64x64_q75_tt6&edm=AOgd6ZUEAAAA&_nc_gid=xxIPATmh880adpdghJiXLA&_nc_oc=Adr-eJdW38hUlPbnCSfvpMhEYxpi7qKmKLc-IQJAU5MH2xda-94ptFWIzlKiHx8vfuCCQ-OBz2LD1fbhl49npIxE&ccb=13-1&oh=06_Q3_CAa401FE2ER6YXq58_rRkUtljbF5XRabRM8v9UrqalhzA&oe=6A772280&_nc_sid=58080a
148,a:dd5be3e7-63ff-4100-a5ae-f13eaa38626c,Boiler video ad 1,Eco Green Upgrades,not set,1,36,2,18,2026-07-09,2026-07-16,no,no,120253873375060011,https://scontent-lhr6-1.xx.fbcdn.net/v/t15.5256-10/722636182_2157230551733462_1632829111581576824_n.jpg?_nc_cat=108&ccb=1-7&_nc_ohc=nna-NqmSlRMQ7kNvwEY4MQV&_nc_oc=Adr0ApaM7GQwijjAM_uZpkoiehRBpxyeFHd9iyILov75qE5k0-PjW8D3Ov-eIiRypI76dbcP2dSsfGHmro-FV0oK&_nc_zt=23&_nc_ht=scontent-lhr6-1.xx&edm=AOgd6ZUEAAAA&_nc_gid=dlnB1Jb_PGTTTWC6gJwRKg&_nc_tpa=Q5bMBQFchx0AlZFp7Iq1OGcbgQ-Hl3EvtCFPBwiHyLyBTJpJWnpZ174ay7oyu7nLo1tV-liAVDqn5K4CQQ&stp=c0.5000x0.5000f_dst-emg0_p64x64_q75_tt6&ur=b696e2&_nc_sid=58080a&oh=00_AQAXAViGGPBk-MKI8S2fF7DFFK-VUOg29ZRUAzogbkH3Ig&oe=6A5E07B0
149,upload:97477765-518f-46ca-83c9-9b913f2e6b98,Test - Test - Test - solar,Greentide Backup,solar,1,33,0,,2026-07-08,2026-07-10,no,yes,120250020866600152,https://scontent-lhr6-1.xx.fbcdn.net/v/t15.5256-10/739983323_841409272387871_4135377349581040258_n.jpg?_nc_cat=103&ccb=1-7&_nc_ohc=Fq0IYChtxboQ7kNvwH5gkgi&_nc_oc=AdrxaYvT4RcpVKRakBXlJpjQTsD9tCWW2uurLiqI_68z0dqArjOdSorUmzO5tt-sSVpnw9Z_12r0gSMaVQZ80mIk&_nc_zt=23&_nc_ht=scontent-lhr6-1.xx&edm=AOgd6ZUEAAAA&_nc_gid=xxIPATmh880adpdghJiXLA&_nc_tpa=Q5bMBQEgphZrTZqq-bDLe1F3OW0WI9LiNckk8bK5l41QXejxCbXkPN27LC2YbuqOUwi27nmxi8l_vXO_XQ&stp=c0.5000x0.5000f_dst-emg0_p64x64_q75_tt6&ur=5fad0e&_nc_sid=58080a&oh=00_AQFKdx5BKsYtylshIWIrpDjavcNc5ZZ7lhud9Drd3bvzYg&oe=6A7B3519
150,a:8781d2c5-6e94-47b4-8e10-113ccef64779,Test - Test - Test - solar,Greentide Backup,solar,1,33,0,,2026-07-13,2026-07-15,no,no,120250152631600152,https://external-lhr6-1.xx.fbcdn.net/emg1/v/t13/15597491039081854576?url=https%3A%2F%2Fwww.facebook.com%2Fads%2Fimage%2F%3Fd%3DAQLU9cHqgDcPFcDl1PBz8OuhvWChvDOsuMwae4tpKzOeoh3zrlFvUt5JqpiTWrpiakBvDGoYTqZnX0snguIpOgvJu0Ck8fWhWC9tC6sNPwBnbGjKH-_SJ9BZvtRfwgUfphT1BIMT0LcEIf3pgbCxe5Oy&fb_obo=1&utld=facebook.com&stp=c0.5000x0.5000f_dst-emg0_p64x64_q75_tt6&edm=AOgd6ZUEAAAA&_nc_gid=xxIPATmh880adpdghJiXLA&_nc_oc=AdqAYdh6awFebnCCfb8wi4WcW-gapB_cYeUNOTuaMknrxuZ2TWYVnt3460xQRzkVWQ5bfVleZNSW6D-4PRSgp_qe&ccb=13-1&oh=06_Q3_CAdpZ_22IlgkPPFNHu1bnzirwwIshcUgY7pTKGDvmOU7Z&oe=6A771689&_nc_sid=58080a
151,a:6f7f558f-1bb1-43ae-ab7d-344488ff28c0,Solar-Static-ad-7 - Copy 2,InstallrHub,not set,1,33,0,,2026-08-09,2026-08-09,no,no,120249569159690731,https://scontent-lhr6-1.xx.fbcdn.net/v/t45.1600-4/771309925_1987642778620407_8602598152415449251_n.png?_nc_cat=102&ccb=1-7&_nc_ohc=HVl8inwz0xsQ7kNvwHF5l0u&_nc_oc=Adqt1qUuKXPgKXeC1DNhlf9yEAFi_A48yDsUw0UKID3UKdyIxU1yYcyQR_zVcDndmSjamOMJqA40PFgw4oZweYEw&_nc_zt=1&_nc_ht=scontent-lhr6-1.xx&edm=AOgd6ZUEAAAA&_nc_gid=JsE1RrS1jllXgejiB2zh1A&_nc_tpa=Q5bMBQLmky2xYaN_xNswk0ftirC_srHr10M1E76Ti-SYGR0dZzNGDaq5B7uY8xRzVQ1DlYMjnz3fRR30_Q&stp=c0.5000x0.5000f_dst-emg0_p64x64_q75_tt6&ur=52f3c4&_nc_sid=58080a&oh=00_AQLDXuXF0siGBetFItbC83XnntB-sIFep8LjP20mE5nrdA&oe=6A9FF7CD
152,a:cdaad59c-634e-4d2f-9021-2da003644d36,Test - Test - Video,Greentide,solar,1,32,0,,2026-06-29,2026-07-01,no,no,120249180066480201,https://scontent-lhr6-1.xx.fbcdn.net/v/t15.5256-10/696497237_1294840136117678_6872639442050230366_n.jpg?_nc_cat=102&ccb=1-7&_nc_ohc=CdcVnxb5JHEQ7kNvwEbdM0z&_nc_oc=AdqFgWmhVvDlHYIqBJ3ip4MJo3ssIRKFHIRswVk9_xH3NSxAggB314TuYrwi8K55FaWbrtECuWwFhs_9GISXGjY2&_nc_zt=23&_nc_ht=scontent-lhr6-1.xx&edm=AOgd6ZUEAAAA&_nc_gid=iBvBkVpFOtKmNCGYk_dwMQ&_nc_tpa=Q5bMBQL0xEIH4RhSBz7EovH-l8Rb3zMg4Vh5jFZDfSp4edZjC9v0539PQdTJaNjIoMeONfy2LMN7f409xg&stp=c0.5000x0.5000f_dst-emg0_p64x64_q75_tt6&ur=b696e2&_nc_sid=58080a&oh=00_AQLsTl8_Z-b8oMHJS8Tg7IqJDssnuW0Ea98cB-kBJsk4og&oe=6AA00A39
153,a:ea9f3047-bd3a-4b77-ae0d-7a1c603a5ce6,Ad5,SWH Electrical Solutions,solar,1,30,0,,2026-08-19,2026-08-27,no,no,120248617181200576,https://scontent-iad6-1.xx.fbcdn.net/v/t15.5256-10/778727656_37738467769131413_8072480613801861249_n.jpg?_nc_cat=107&ccb=1-7&_nc_ohc=qmQuoCLblYUQ7kNvwEf8tNz&_nc_oc=AdrZgxs8AJkN_SV2NO7eofgtG5mF6jBLCIQupXHY1IgtYjJk1mytWzR0oPiLTHe0Uf6ED-BlZWOHUE73tey2ToXm&_nc_zt=23&_nc_ht=scontent-iad6-1.xx&edm=AOgd6ZUEAAAA&_nc_gid=KphNjuns2sGKLgVsRaVK5A&_nc_tpa=Q5bMBQKUXb5GI1C8rcBV9doM_atWXdRt3lC75-cYSKAqs8aOEdc6Ja74batxRlxCDNof3Gz4vyznvDBniA&stp=c0.5000x0.5000f_dst-emg0_p64x64_q75_tt6&ur=4c1fc5&_nc_sid=58080a&oh=00_AQLHNuOLI9UzL6kfZYpXR_HTvyoWY-pjRuAvPWY-eg8riA&oe=6ABF1974
154,a:9a4cff76-9524-4f51-9771-3991e71d38a2,HP | WAD-A v1 - Battery + Inverter | 208,Helix Power Ltd,not set,1,28,0,,2026-08-26,2026-08-29,yes,no,52566937892918,https://scontent-lhr11-1.xx.fbcdn.net/v/t15.5256-10/739309372_1044996067973965_3304840144424913384_n.jpg?_nc_cat=106&ccb=1-7&_nc_ohc=38jpHQnomaMQ7kNvwHSwwWd&_nc_oc=AdqKfnI90UtXGcOJwCcCMiU7KlXTga1jOVq5yPozVj87Rr17z4CJ9bcjfee6Mg7RPDRyPsoc_FerEDtALIMjKnE7&_nc_zt=23&_nc_ht=scontent-lhr11-1.xx&edm=AOgd6ZUEAAAA&_nc_gid=pAweFddxxT9CrY_eOg7TXg&_nc_tpa=Q5bMBQIH6yNb7_A8pzOq-Jwe3NwSVOBkSYlX9Vv3_XiqDJtqN0VxgtKWjLX34HYbS6UTcpvYnNR9usTOcw&stp=c0.5000x0.5000f_dst-emg0_p64x64_q75_tt6&ur=5fad0e&_nc_sid=58080a&oh=00_AQJwem5ba47j7ax0e6DJrNJlooXpVOxm6zu_5SXWKzjBwQ&oe=6A983891
155,a:69a79de1-3eaa-45ee-901c-529da23aa050,Test - newad,Greentide; Greentide Backup,hp,2,28,1,28,2026-06-29,2026-06-30,yes,no,120248962843400201 120249540718700152,https://scontent-lhr6-1.xx.fbcdn.net/v/t45.1600-4/732753329_1952385615479457_9020120874159407600_n.png?_nc_cat=102&ccb=1-7&_nc_ohc=vCd9x-gvyMwQ7kNvwG3-u1y&_nc_oc=AdrjjjAEvYKk08La_2kHHC40rSR9xQZneR6Fl_MbAhLdSHcVjZJryF4hsLmurQ6mm_dmjwCb5jnwoki7P0UI3ph5&_nc_zt=1&_nc_ht=scontent-lhr6-1.xx&edm=AOgd6ZUEAAAA&_nc_gid=zn1aKTwWRcMdWhnyNgdQwA&_nc_tpa=Q5bMBQH_Kleo2GxMZ1BxaR2wflPpXiYEt32i6UNh-mLbzCcGBmtRiNfxlEjYDfjZda4hyf5YcMkkxZ-atQ&stp=c0.5000x0.5000f_dst-emg0_p64x64_q75_tt6&ur=52f3c4&_nc_sid=58080a&oh=00_AQBypIDTRUXKnB603F9d0R-UiqL0ZW300kbuGXukU9QxPg&oe=6A4A45E0
156,a:871491e8-3883-4e6c-840c-bd889231e501,HP | WAD-A v4 - Why us | 213,Helix Power Ltd,not set,1,27,0,,2026-07-24,2026-08-12,no,no,52557959001718,https://scontent-lhr6-1.xx.fbcdn.net/v/t15.5256-10/739355039_2564225333997439_2005750204349786041_n.jpg?_nc_cat=103&ccb=1-7&_nc_ohc=3jh9VJ7RojMQ7kNvwEqVRmm&_nc_oc=AdqiAKuKixDnKf_7audzfCL9_kF5uE2iYLUSIGPn9mVuIwKqByS3jpCP2ySDvm21BxwhQ4CM7QMYX9Q1yfgSqW1q&_nc_zt=23&_nc_ht=scontent-lhr6-1.xx&edm=AOgd6ZUEAAAA&_nc_gid=pAweFddxxT9CrY_eOg7TXg&_nc_tpa=Q5bMBQKS66dlrybGIk4V3W-OrBqFAjys1uLx0n9krZN0Of-sSc-a9SPjo13CM6fDZLPNudNrMPUeB58u0A&stp=c0.5000x0.5000f_dst-emg0_p64x64_q75_tt6&ur=b696e2&_nc_sid=58080a&oh=00_AQIkayrDo8pm-3GXqIBkuAsSQjITI0nIMpTaPhqE3sK0NQ&oe=6A983000
157,upload:6c6a96b1-e1e4-4de3-863a-db9e1c7460ea,Test - Test - Test - ad1,Arktek,solar,1,25,0,,2026-09-14,2026-09-16,no,yes,120249655228770083,https://scontent-iad3-1.xx.fbcdn.net/v/t45.1600-4/805915947_2017093585675326_8329443795418867444_n.png?_nc_cat=110&ccb=1-7&_nc_ohc=aXGs9REm2kYQ7kNvwEUdPmh&_nc_oc=AdqNQGPPDGNxg1KxR-1UMoezAeH3T5_ydBxAugSAR6llMW4dwx1xQQcgg3g_iw0kvu3H8TGejDlMaSCLLAxUwhpM&_nc_zt=1&_nc_ht=scontent-iad3-1.xx&edm=AOgd6ZUEAAAA&_nc_gid=_JMQM73eJr_Hwb907Ub5gQ&_nc_tpa=Q5bMBQJowGXVw3UrrEP4shaeKc-HlSa-ubFCFCPbSjUXXbpdT8n1U4YIEqxLT_9CTDkx8ex0zl9QuzsETg&stp=c0.5000x0.5000f_dst-emg0_p64x64_q75_tt6&ur=52f3c4&_nc_sid=58080a&oh=00_AQJi_SMrtOkxUG_2RJ2pWg9dV1eiJxE_lKUHlKF03342Rw&oe=6ABF09C1
158,a:8456f1de-096a-4fd6-ac42-aee813f19f2c,Solar-Static-ad-2,InstallrHub,not set,1,25,0,,2026-07-31,2026-08-02,yes,no,120249338493340731,https://scontent-lhr11-1.xx.fbcdn.net/v/t45.1600-4/754761503_1977054976345854_9024585365627256061_n.png?_nc_cat=110&ccb=1-7&_nc_ohc=Jh4Fx38x7N4Q7kNvwHA3RLX&_nc_oc=AdqdwNrYz7EukGaS6P5jhougIlwmDjz2A_slkV45CwWle-Iv-D0hJVQ0HDoKMK0Z1mwWyh_WYnDsMWVLnly7NFXP&_nc_zt=1&_nc_ht=scontent-lhr11-1.xx&edm=AOgd6ZUEAAAA&_nc_gid=79wTE8UCWW6u0ztwksX12g&_nc_tpa=Q5bMBQIz0ypfvGPdYJzANfo_ykX_P2O1008CVIpwUmWa-sFDU3aovTobKxLHXyzBHys2JxJjh5SEWLIeVA&stp=c0.5000x0.5000f_dst-emg0_p64x64_q75_tt6&ur=52f3c4&_nc_sid=58080a&oh=00_AQFSCjuG2VTiHuAlbfvyBj87wiKOPhFwD80u_ZTuQPgGeg&oe=6A805111
159,a:2973afd9-eba7-4c7d-b41d-ac1554c01074,Boiler image ad 1,Eco Green Upgrades,not set,1,24,1,24,2026-07-08,2026-07-16,yes,no,120253871044950011,https://scontent-lhr6-1.xx.fbcdn.net/v/t45.1600-4/722973616_1943423179709034_8078931803011644626_n.png?_nc_cat=103&ccb=1-7&_nc_ohc=WvxzLKLU0G8Q7kNvwHPEhzw&_nc_oc=AdpD1dHuT_WREm7F51gt_nAWGRFAXna0Gy_uBLk58ympgmFu-hu0Oqrlt7PvugV0m0gPjdanrd6nD5NxBfZS5-aH&_nc_zt=1&_nc_ht=scontent-lhr6-1.xx&edm=AOgd6ZUEAAAA&_nc_gid=dlnB1Jb_PGTTTWC6gJwRKg&_nc_tpa=Q5bMBQGugkTIOn4A4HE-tCogiAwXbE-px-bg6JeKp9Em46KGsyf6SftrVjwX0k7C8LwgE5tcmJCvuzENaw&stp=c0.5000x0.5000f_dst-emg0_p64x64_q75_tt6&ur=52f3c4&_nc_sid=58080a&oh=00_AQB2sJrMeN6VHaL9F3CxhivC0ix3s98qvDBy_HG2SJXChg&oe=6A5E17A0
160,a:9317426f-ff3e-4f31-9074-a05f8c42f6b6,HP | WAD-D v2 - Battery + Inverter | 221 – Copy v2,Helix Power Ltd,not set,1,24,0,,2026-08-13,2026-08-27,yes,no,52563953359918,https://scontent-lhr11-1.xx.fbcdn.net/v/t15.5256-10/741395483_1523556869516274_4460748799753318524_n.jpg?_nc_cat=107&ccb=1-7&_nc_ohc=V30BR8D5_cgQ7kNvwFBt0P4&_nc_oc=Ado3ifUtT0aL7PzzmpdO5V4d9DZvK0to_AGgIOgfJxH38INWh5GLgQgsPk7s-HDaqsdK9NQCRndEiKZW-eKFpDMu&_nc_zt=23&_nc_ht=scontent-lhr11-1.xx&edm=AOgd6ZUEAAAA&_nc_gid=pAweFddxxT9CrY_eOg7TXg&_nc_tpa=Q5bMBQLydjPeBrcIJ2QC1UV9K-cN2EbEv-ihpFAec113iUQxi3R6FXfmnXYhGj8jnVLq2EGnQryjdUaluw&stp=c0.5000x0.5000f_dst-emg0_p64x64_q75_tt6&ur=b696e2&_nc_sid=58080a&oh=00_AQJWUAh6qro67MGuIpEp6i4padxL0Bku2NeswTblYSQxgQ&oe=6A9815EA
161,a:8eda3ac3-598d-4e24-ba00-3244276e5c1a,Video 1,HQ Group,hp,1,24,0,,2026-06-29,2026-06-30,no,no,120249573957270306,https://scontent-lhr6-1.xx.fbcdn.net/v/t15.5256-10/732920456_4546656705563433_7820349811585932394_n.jpg?_nc_cat=108&ccb=1-7&_nc_ohc=bgW3AgE2mQkQ7kNvwGi-iso&_nc_oc=AdpS1XxwqD6amY50tEOeKAeJp5Un5ecCwldHxiUk87NjAvgjd0JgnnBpJUxUdTTE0QGzy9YIdHhCRY0qxBFwHK3G&_nc_zt=23&_nc_ht=scontent-lhr6-1.xx&edm=AOgd6ZUEAAAA&_nc_gid=ZzfImLxurIllPT_QkUn6CA&_nc_tpa=Q5bMBQEkQJRQoA3-iLNFtkczAlabl0YeAMAIDySaR2izx0vasbxpYHlSx2XFUkhYIZ3O6QU2vBvadVvokQ&stp=c0.5000x0.5000f_dst-emg0_p64x64_q75_tt6&ur=b696e2&_nc_sid=58080a&oh=00_AQHZM0e8YZ0GJHvT3HtYlJKPsH6mu0GT0bC1_gTFwU8IQA&oe=6A7B5A64
162,a:17ee1f48-d180-4dd5-84d3-bf7034fde25f,Test - Ad1,LJP Plumbing & Heating,not set,1,24,1,24,2026-09-25,2026-09-27,yes,no,120253874409230079,https://scontent-iad3-2.xx.fbcdn.net/v/t45.1600-4/808200639_2017256935658991_5037247754455384015_n.png?_nc_cat=111&ccb=1-7&_nc_ohc=ijuoZp172W4Q7kNvwFk_9vh&_nc_oc=Ado2i4LDZQxNjIjrU0tjjJihwfidHALJ4OLnkeI08PBX3WBDr7wiRltPvp6dAzS7xM3UgEOvAUE4WZbaxPiGVBHd&_nc_zt=1&_nc_ht=scontent-iad3-2.xx&edm=AOgd6ZUEAAAA&_nc_gid=YdM-xyFHe8pFtexXXmDDWg&_nc_tpa=Q5bMBQIPrgU3Qi4u-fekwkbrCqx7tuE3xWMQ0A8Do5U7RBHWToDsaa60xF_i4g3w8BacwmXuMiY0QF9Zig&stp=c0.5000x0.5000f_dst-emg0_p64x64_q75_tt6&ur=52f3c4&_nc_sid=58080a&oh=00_AQKbAwBo6dbDF1BUvl0-Wj6F3PR7zpWVAo6VZUFILV7rTg&oe=6ABF126E
163,a:0d1641df-824d-4b11-991d-5270629d80c5,VIDEO16,InstallrHub,not set,1,22,0,,2026-09-03,2026-09-27,yes,no,120250024658350731,https://external-iad3-1.xx.fbcdn.net/emg1/v/t13/14104361122784995220?url=https%3A%2F%2Fwww.facebook.com%2Fads%2Fimage%2F%3Fd%3DAQJaYYUiItqhQbg8KcyaVGt0x8YHgEYcm9gt0elfjdNx-g4mPyrfjecIfO6e2K4O4PxFafpZ8HSF-UNpR31eoukHm5RkRrlAvfz0cvOIYqgiZQlsBeUraXKaIbP3Mok59BafQ5Y5U2XTpYy6ew1aWyFY&fb_obo=1&utld=facebook.com&_nc_sid=58080a&_nc_ht=external-iad3-1.xx.fbcdn.net&stp=c0.5000x0.5000f_dst-emg0_p64x64_q75_tt6&ccb=18-1&_nc_gid=PulLCBilRpwPKtZPrGOtIA&edm=AOgd6ZUEAAAA&_nc_zt=3&_nc_tpa=Q5bMBQL2JR1bmpTRP81IuoTtbXxRpGFGzzT4htgxL1vfrAhHygZiNQpB2StQKbF-bvmuehfRn1G-4aA2FA&oh=06_Q3_DAWp98-j-BfGKd4CDwkYwDB6CDgbSI1nx6WGpqzWaabzf&oe=6ABB0A98
164,a:ccb1edc2-e2cd-43d4-be06-ebfd9b8b4359,HP-Static-ad-4,InstallrHub,not set,1,20,0,,2026-08-08,2026-08-09,no,no,120249290158300731,https://scontent-lhr11-1.xx.fbcdn.net/v/t45.1600-4/756518041_1977051919679493_3626959220790969007_n.png?_nc_cat=110&ccb=1-7&_nc_ohc=BzxxmjmGpDEQ7kNvwH95XQ8&_nc_oc=AdqA-tadisbeybHhNBqvJBXZV7qTUkhsyqZHRLUN_n-5up66FJnl6QBQvDhjvdJCBzXrxpWrhzsxHlUggQiLMuDK&_nc_zt=1&_nc_ht=scontent-lhr11-1.xx&edm=AOgd6ZUEAAAA&_nc_gid=JsE1RrS1jllXgejiB2zh1A&_nc_tpa=Q5bMBQIo0LK-QTqZuydIWRzRwF_GjUhu7o3IMPaxftQmWkCkxYo4aX59GqiaiYRT5DEUIn50IednQn0eyA&stp=c0.5000x0.5000f_dst-emg0_p64x64_q75_tt6&ur=52f3c4&_nc_sid=58080a&oh=00_AQI75C39gpQ2QPRn2Bt7cZlnh2w0HAm7sYNnj22yyhw2fQ&oe=6A9FFF0D
165,a:7e23a930-d832-4297-9d40-b8ce9c40a427,Ad2,SWH Electrical Solutions,solar,1,20,0,,2026-08-26,2026-08-27,no,no,120248617059490576,https://scontent-iad6-1.xx.fbcdn.net/v/t45.1600-4/773451008_1995208671197151_6534071303315801024_n.jpg?_nc_cat=100&ccb=1-7&_nc_ohc=ZeqGXmXt1KEQ7kNvwFb5HXH&_nc_oc=AdrzNhoc6Onq5HGVKvK4-lt6PWv4IbJzdKL0AXF4ypLNG2MFIhNQkiGHIkFIa6I60fqw6lhDuGC_CeXmkmogPAmV&_nc_zt=1&_nc_ht=scontent-iad6-1.xx&edm=AOgd6ZUEAAAA&_nc_gid=KphNjuns2sGKLgVsRaVK5A&_nc_tpa=Q5bMBQIRmu5hcZJXD2Q1-dcAAWhgZ3qIawnj2cDqBqZISvhT8OOJZaDZ5wFM3FMylLHcbkVWB9rmLrBxWg&stp=c0.5000x0.5000f_dst-emg0_p64x64_q75_tt6&ur=52f3c4&_nc_sid=58080a&oh=00_AQLe1gFvQkNcx0QxTa8jNdKylpklXHyP-iohKpBfHsN-Wg&oe=6ABF111C
166,c:4343595909287910,Test - 9k1,Greentide Backup,hp,1,19,0,,2026-06-29,2026-07-03,no,no,120249540718690152,https://external-iad3-1.xx.fbcdn.net/emg1/v/t13/9178086202756421299?url=https%3A%2F%2Fwww.facebook.com%2Fads%2Fimage%2F%3Fd%3DAQKcKDyhTfYL29p1LB6TApWUCXTY_y9aI3y8kHny1Fbrswal53Yu8-_SHaM6wn2-rz12Dr7-XS2JXBdLzfp8PD_QLFEvd2pIUfmzu9-pSJipLdCq8aDpOPOCZMmk9j8IKYYgURpcQ9Ye-MJzGFAEF9z7&fb_obo=1&utld=facebook.com&_nc_sid=58080a&_nc_ht=external-iad3-1.xx.fbcdn.net&stp=c0.5000x0.5000f_dst-emg0_p64x64_q75_tt6&ccb=18-1&_nc_gid=bXNWzf2dvLSKROHEpOmPAQ&edm=AOgd6ZUEAAAA&_nc_zt=3&_nc_tpa=Q5bMBQK35AlCBIsemkRuRd15HqGj1fuuBuuKIPiKu3eiQaAtlzq0OxEmiVOTX3JPZNYZWcYeEHVta5r2CA&oh=06_Q3_DAaDUcPKCLJpBArV-PGP9nhx2Duz7hgNznNaqfIR3PAqR&oe=6ABB28D3
167,upload:4d62a0f2-8118-459f-9101-02a94c7af080,Test - Test - Test - video1 - Copy 2,Greentide,solar,1,18,0,,2026-07-29,2026-07-31,yes,yes,120250077675590201,https://scontent-lhr6-2.xx.fbcdn.net/v/t45.1600-4/756302804_1978663679518317_8505346075059178978_n.jpg?_nc_cat=105&ccb=1-7&_nc_ohc=aI9t9EPTHakQ7kNvwGM4C_L&_nc_oc=AdqzukBe4GdsF05pFpCHWz-1QWwyyACLlgm4_boN9nDMj_ktwrBaKbJJviR0LN-RJmuJBmHEjw4N7CYRnk2s_sKL&_nc_zt=1&_nc_ht=scontent-lhr6-2.xx&edm=AOgd6ZUEAAAA&_nc_gid=KOuN3R9Zvw6HnejQQxVwbg&_nc_tpa=Q5bMBQIdTnqvC4XGvv_ctPT2nAmFia3A7pfiG8hw4_qQqs3HZ8BTrV1rj-HAORYSmdx4wk6NuS897cqeNg&stp=c0.5000x0.5000f_dst-emg0_p64x64_q75_tt6&ur=52f3c4&_nc_sid=58080a&oh=00_AQEfCDs2qNyKRozHRPPHlKglCpG8l-aTcMkjXZd8glUr7Q&oe=6A7F2133
168,a:471701b7-0b03-409d-9e04-5af44d18d264,C2 - Main - ad1,HQ Group,not set,1,18,0,,2026-06-29,2026-07-01,yes,no,120248869252160306,https://scontent-lhr11-1.xx.fbcdn.net/v/t45.1600-4/722994732_122160574484984209_3122157116160823035_n.png?_nc_cat=101&ccb=1-7&_nc_ohc=Vz-wqR8PnTMQ7kNvwFlKsuj&_nc_oc=Adr7iM3vizZeo3b51cqAyZ6apwsLozCwQG2BgJG9UxEYywkQmErxcrZUmwOqONmx1xopGZX7I2gLFZS0yPu99IH-&_nc_zt=1&_nc_ht=scontent-lhr11-1.xx&edm=AOgd6ZUEAAAA&_nc_gid=jeUGIiMRi1sQ6CEHax2i7g&_nc_tpa=Q5bMBQF9ms04TihaNn-FJQ8zcqXBg8f0PQsVM6tu-vxd3QdgbjnmS16O5RnY8NesP0FUnZyl3boMMn-_0A&stp=c0.5000x0.5000f_dst-emg0_p64x64_q75_tt6&ur=52f3c4&_nc_sid=58080a&oh=00_AQAU9OQ9WqcrvwM9gxOkxjo7LLXa-nqhQz2kWgFAO18vAQ&oe=6A4A4475
169,a:f263b76a-105b-42f4-88d6-ca27419b048c,Vid2 - Copy,InstallrHub,not set,1,18,0,,2026-09-03,2026-09-23,no,no,120250022035120731,https://external-iad3-1.xx.fbcdn.net/emg1/v/t13/8661392160154179667?url=https%3A%2F%2Fwww.facebook.com%2Fads%2Fimage%2F%3Fd%3DAQJrbIhlY65Hh3pa7ocYagD1xrktonOtUbHv4kJFQCDzwgEj8_W49ff7kRVyPBGCFqjrbzezlBxqHa-F7W0YudIQ9hAdrlclvZRQz7Ym0dd4uAzItuq_2Xrg4ekusHjrI86zsdlF1HzKPrrTGc5ZQ-O8&fb_obo=1&utld=facebook.com&_nc_sid=58080a&_nc_ht=external-iad3-1.xx.fbcdn.net&stp=c0.5000x0.5000f_dst-emg0_p64x64_q75_tt6&ccb=18-1&_nc_gid=PulLCBilRpwPKtZPrGOtIA&edm=AOgd6ZUEAAAA&_nc_zt=3&_nc_tpa=Q5bMBQIwqcc8Y0vwFxiakJS-VlxdwT9GW0xjNxhA-Xl6lc3qLurErgVXf_4mT_Xs9eHbG3yqgHRcqdMX7g&oh=06_Q3_DAdkO3Jc0lAeTWG_SguOqA0_5Tm9PWUo2mQj9R_AnimEk&oe=6ABB2980
170,a:509e816e-a519-4db4-9d63-09f7b046c434,Test - Test - Video 1,HQ Group,hp,1,18,0,,2026-07-02,2026-07-03,yes,no,120250020256130306,
171,a:9815cead-e376-4cfa-a5bd-81f91f123b62,HP | WAD-B v3 - Why 14 Panels | 216,Helix Power Ltd,not set,1,17,0,,2026-07-24,2026-08-06,no,no,52557959000118,https://scontent-lhr11-1.xx.fbcdn.net/v/t15.5256-10/741143268_986452330874058_4844042540520734532_n.jpg?_nc_cat=111&ccb=1-7&_nc_ohc=uuEwTcclHdYQ7kNvwG_T5Lw&_nc_oc=AdriMsE88f4XnsUjV4wpWrkDX8LDu_xpSEIee1jKuegBBOPe3JyAhfGWh0Wg_vfiQNv7gn9H7dCfUm6mAcDeynBq&_nc_zt=23&_nc_ht=scontent-lhr11-1.xx&edm=AOgd6ZUEAAAA&_nc_gid=pAweFddxxT9CrY_eOg7TXg&_nc_tpa=Q5bMBQIDcJtF2yPPS6Ubvl3BtW68CtvEFrAtD-uT2Orh88jYoImdhku-WVAp-rLeEGG_1ru45o5ixiUp-Q&stp=c0.5000x0.5000f_dst-emg0_p64x64_q75_tt6&ur=b696e2&_nc_sid=58080a&oh=00_AQKhs-GR1JebDV3mQ5zhthIB88xIC7eMFla5UWbIbRMn9A&oe=6A98168F
172,a:3684513e-e171-42fe-aba3-0441c167edc1,HP | WAD-D v2 - Battery + Inverter | 221,Helix Power Ltd,not set,1,16,0,,2026-08-26,2026-08-29,yes,no,52566937899718,https://scontent-lhr6-1.xx.fbcdn.net/v/t15.5256-10/738954062_2343422426183649_4231899494474513981_n.jpg?_nc_cat=102&ccb=1-7&_nc_ohc=X8Mg0rXonTAQ7kNvwFnSM--&_nc_oc=AdpKnN1xwUYVa0ULUn63wQMA6ablW8cjU3vsWX33HqtP9RsK-pnz-xssw3ueB_eTHV_z2g1R79lTTckwA95w2VKw&_nc_zt=23&_nc_ht=scontent-lhr6-1.xx&edm=AOgd6ZUEAAAA&_nc_gid=pAweFddxxT9CrY_eOg7TXg&_nc_tpa=Q5bMBQIBn1Q2O84rgwSIlaqhbkuDZMmNRPdPB9mlU_ldu2FhQMZdMKZJElsgKIUmjOnGifQpZnJ7P8d-IQ&stp=c0.5000x0.5000f_dst-emg0_p64x64_q75_tt6&ur=5fad0e&_nc_sid=58080a&oh=00_AQIBbxg8p2pXWtnfV9NCB6rqy9kmjhCI0UMZVPTKLdiBsg&oe=6A981F85
173,a:681804e8-5215-423d-99bd-1d711228dd4a,Test - Test - Video,Greentide; Greentide Backup,solar,2,15,0,,2026-06-29,2026-06-29,no,no,120248961896080201 120249468664220152,https://scontent-lhr6-2.xx.fbcdn.net/v/t45.1600-4/732831603_1951445168906835_2313169907977790108_n.png?_nc_cat=109&ccb=1-7&_nc_ohc=gJLoly2SsqAQ7kNvwG3G6nX&_nc_oc=AdpZdoaDQ4MKh-iZQ1a9IxWsYd-vxMWroqQBUgheWSezcVrurPLYeo6BDIl59qVSGDoTr7y-GpsOna0cdXb0tH6k&_nc_zt=1&_nc_ht=scontent-lhr6-2.xx&edm=AOgd6ZUEAAAA&_nc_gid=iBvBkVpFOtKmNCGYk_dwMQ&_nc_tpa=Q5bMBQIrA5M2ThghNpEC5Ifrt4N6o3lVjU2evm1MRG3TyBag1NuwmRYzNctxunsy9lET2JoLxRA9pEYOHw&stp=c0.5000x0.5000f_dst-emg0_p64x64_q75_tt6&ur=52f3c4&_nc_sid=58080a&oh=00_AQLs67NydlVe7cZAYR77lCKdIxNp1Sz9P5yB4kPaN1mO5w&oe=6A9FFE14
174,a:6ebbca81-f581-4654-a147-805a6cc20681,Solar-Static-ad-3,InstallrHub,not set,1,14,0,,2026-07-28,2026-07-29,no,no,120249284098370731,https://scontent-lhr11-1.xx.fbcdn.net/v/t45.1600-4/756495852_1977054953012523_2340989120272251723_n.png?_nc_cat=104&ccb=1-7&_nc_ohc=So0Csfcq8BQQ7kNvwG-31pD&_nc_oc=Adodrl8fgKGMgRuTUzdLgM6JJxHd8__H4pzfiLz5gSr0xVAszUgc3_3iZ3uQ0HPGx0xPBOnP7J3wV6jzPZKOCn2X&_nc_zt=1&_nc_ht=scontent-lhr11-1.xx&edm=AOgd6ZUEAAAA&_nc_gid=JsE1RrS1jllXgejiB2zh1A&_nc_tpa=Q5bMBQIygIl_HEmHhfB0KH3U-VVMR9mz42_UlqWYEuz-rV79XkUq7QUAPpyZflWra1G-gbDRwnwIw3hUvg&stp=c0.5000x0.5000f_dst-emg0_p64x64_q75_tt6&ur=52f3c4&_nc_sid=58080a&oh=00_AQIWxoI2gYfZ2VRBLTtYsmLvH3aya_EYE0Ff0t2KphIWpA&oe=6A9FEE86
175,upload:63438266-aade-4685-adaf-067ed73ab1bb,Test - newad,Greentide,hp,1,14,0,,2026-06-29,2026-06-30,yes,no,120248962843920201,https://scontent-lhr8-2.xx.fbcdn.net/v/t45.1600-4/732747409_1952385555479463_1009572813376505540_n.png?_nc_cat=106&ccb=1-7&_nc_ohc=gpQnd33DW2gQ7kNvwGqkGNU&_nc_oc=Adpks37BhkHqTU0jQzgTpXeOpjx63fUrXlOYW9cxnnvLi6RlDAACxRIBvG4PEe8vfX9jEKvYzMZfPRFlfouRtof0&_nc_zt=1&_nc_ht=scontent-lhr8-2.xx&edm=AOgd6ZUEAAAA&_nc_gid=zn1aKTwWRcMdWhnyNgdQwA&_nc_tpa=Q5bMBQHau5tvm5L9zcD2--V8yvdcGDJ5JI9RfBWLrDbgg_gHnmzo1yXPnR5K3NCVLHjNsoilB_lA0ogk4Q&stp=c0.5000x0.5000f_dst-emg0_p64x64_q75_tt6&ur=52f3c4&_nc_sid=58080a&oh=00_AQAW4pDVBwhFoWXbMGG9CRrYxWCcDH2BESuuMW6HFbxncw&oe=6A4A6F87
176,a:c44017b7-ac96-4406-bfde-0cec59de953b,MOF-VIDEO2,InstallrHub,not set,1,11,0,,2026-09-03,2026-09-10,yes,no,120250043281930731,https://scontent-iad3-1.xx.fbcdn.net/v/t15.5256-10/792595254_1394332976125260_4472915137035848594_n.jpg?_nc_cat=101&ccb=1-7&_nc_ohc=5VgbhysJmKEQ7kNvwFVAA-u&_nc_oc=AdqCBwVa6HCltnbX8zwWAN7rDgLVWvtvU11b8oM_ZxnRb8K6wuTKbagbZObAzuVrb29Hy1qgtAg8WPjDSgAx6SE4&_nc_zt=23&_nc_ht=scontent-iad3-1.xx&edm=AOgd6ZUEAAAA&_nc_gid=PulLCBilRpwPKtZPrGOtIA&_nc_tpa=Q5bMBQK8Yub_-E0RzlywkA55Rh41iCHUseK5tzNhQMfax-EdZ1vYzD4fRDtOproceQa2wjpN_m82CK-FTQ&stp=c0.5000x0.5000f_dst-emg0_p64x64_q75_tt6&ur=b21ebc&_nc_sid=58080a&oh=00_AQJL_jPhgwRKh62eZ6HdXwRFRx4vaBls_LlIYvP_udfObA&oe=6ABF2245
177,c:1731294208218722,Test - 9k1,Greentide Backup,hp,1,11,0,,2026-07-03,2026-07-04,no,no,120249877009990152,https://external-iad3-1.xx.fbcdn.net/emg1/v/t13/1431748050494581?url=https%3A%2F%2Fwww.facebook.com%2Fads%2Fimage%2F%3Fd%3DAQJ1VSZEgP015R_gaUKF3dlIIYyZqxqyGIGJenp1Dyy4A5GP-sZuxVjDZYQ94XbxgqXlXL_t0VTak5JqHeEBAvJegr8pQnG0V0mUEs8DnYcMinhQMCrtLgMEqcWqGjlVO0SfCpDgGU5e6wudnUgVYsJi&fb_obo=1&utld=facebook.com&_nc_sid=58080a&_nc_ht=external-iad3-1.xx.fbcdn.net&stp=c0.5000x0.5000f_dst-emg0_p64x64_q75_tt6&ccb=18-1&_nc_gid=bXNWzf2dvLSKROHEpOmPAQ&edm=AOgd6ZUEAAAA&_nc_zt=3&_nc_tpa=Q5bMBQLZxNZi0FvV4hDyo1djzQ6qWXwgUfAzo0e8F0P4r7E7qehw0LRIREY1nIUc0PX7iFSuSsbvnrV6CQ&oh=06_Q3_DAW9a93R9Gk9yab_M6u-k_GLESyXe6IF9d7TrECYynPyN&oe=6ABB15C6
178,a:bd40caf9-97eb-4de0-9eb8-91af7bf12ea3,HP | WAD-D v3 - 4 Ways a Battery Saves You Money | 222,Helix Power Ltd,not set,1,11,0,,2026-07-07,2026-08-21,yes,no,52551997416318,https://scontent-lhr6-1.xx.fbcdn.net/v/t15.5256-10/740779421_2034576383847383_6274187612835926756_n.jpg?_nc_cat=108&ccb=1-7&_nc_ohc=83yyjqJUpHoQ7kNvwFCJOgO&_nc_oc=Adr--IW6vn_iEC9O4izW7QlldVTg5Rh93oCs5DBB4_Kdfo3EfjVVn7ZkvZMHF8-bv_IIHFmBiug6kvMp5fQlwoL2&_nc_zt=23&_nc_ht=scontent-lhr6-1.xx&edm=AOgd6ZUEAAAA&_nc_gid=pAweFddxxT9CrY_eOg7TXg&_nc_tpa=Q5bMBQJY6Z055ANsK8mCUS3XYlrO-K-708mKzxSLZttjA_pP0IhMevemJieI7WivbnVdqqqfgPxLBZoUOA&stp=c0.5000x0.5000f_dst-emg0_p64x64_q75_tt6&ur=b696e2&_nc_sid=58080a&oh=00_AQIU6OMz-3RJsaKPU0FgJeWB6hGESCiHtm4dSUB8P0TMcQ&oe=6A982895
179,a:d2f8a4c1-3fc1-46d4-baf0-21d0097ae2d7,Test - Video 1,HQ Group,hp,1,10,0,,2026-07-02,2026-07-03,yes,no,120250020256150306,https://scontent-lhr11-1.xx.fbcdn.net/v/t45.1600-4/732920327_1952303845487634_6915032763304687775_n.jpg?_nc_cat=100&ccb=1-7&_nc_ohc=U9NFosPNdOoQ7kNvwH3Reoc&_nc_oc=AdqfJpBisGVxwq8z9okdSX12dgS2vnXG8nL3UuNMDYbQNVtr0COaNI8X2VrsCE40gI-nPwTK5AzpE6LEJwOdgZ-f&_nc_zt=1&_nc_ht=scontent-lhr11-1.xx&edm=AOgd6ZUEAAAA&_nc_gid=pXm03DYXhtZw1s3LJUfuCQ&_nc_tpa=Q5bMBQH0pPGyiAQCLclCWnrdWyLHfl0GTWZGyquwPuCAy2VBB4j0J7AKXrcBlDOutgJ1TI7FO6BhjZJiPA&stp=c0.5000x0.5000f_dst-emg0_p64x64_q75_tt6&ur=52f3c4&_nc_sid=58080a&oh=00_AQCdLXSLXnvf0AgcNeMAFm5Tbk5PspCNtJf7mAxQiAPiVA&oe=6A4D038F
180,a:c6da18c0-1390-4e72-9aae-de1ec0fba710,HP | WAD-D v2 - Battery + Inverter | 221 – Copy v2,Helix Power Ltd,not set,1,9,1,9,2026-08-17,2026-08-28,yes,no,52565132781118,https://scontent-lhr11-1.xx.fbcdn.net/v/t15.5256-10/741395483_1523556869516274_4460748799753318524_n.jpg?_nc_cat=107&ccb=1-7&_nc_ohc=V30BR8D5_cgQ7kNvwFBt0P4&_nc_oc=Ado3ifUtT0aL7PzzmpdO5V4d9DZvK0to_AGgIOgfJxH38INWh5GLgQgsPk7s-HDaqsdK9NQCRndEiKZW-eKFpDMu&_nc_zt=23&_nc_ht=scontent-lhr11-1.xx&edm=AOgd6ZUEAAAA&_nc_gid=pAweFddxxT9CrY_eOg7TXg&_nc_tpa=Q5bMBQJ2-WOtgLz7wx1JBcPrhAqmrzgYDpfUthtVnkEcdtIN7CWEOb1EDRwrMU-G3BGXzA2pg1RNM6_kGQ&stp=c0.5000x0.5000f_dst-emg0_p64x64_q75_tt6&ur=b696e2&_nc_sid=58080a&oh=00_AQKWingktdkrHqthSUXDfkm8yJ0gB4ifJZlxVhnWx5fn5A&oe=6A9815EA
181,a:f46c3aca-72a9-4619-b504-0d9597ec7dc5,MOF-VIDEO13,InstallrHub,not set,1,9,0,,2026-09-14,2026-09-26,yes,no,120250219255230731,https://scontent-iad6-1.xx.fbcdn.net/v/t15.5256-10/794294766_1614702196917549_5782634925405872572_n.jpg?_nc_cat=107&ccb=1-7&_nc_ohc=OoFJpUlGSzwQ7kNvwGn2piY&_nc_oc=AdrIwdP5_KTJP8Ivo5bsSYk2yGygx6vscjp6D9iUEWEkhkhdq-0glvigYmX3OloqojKfzQtLeneoVfaeBm8DjrUr&_nc_zt=23&_nc_ht=scontent-iad6-1.xx&edm=AOgd6ZUEAAAA&_nc_gid=PulLCBilRpwPKtZPrGOtIA&_nc_tpa=Q5bMBQKCY6QDepuWhSOBJbOBQnHFJBd7pjAGGMRZRWpclzLFQR7GdsKNd9Cjdef8zLlBhGNhPhiBhB36jA&stp=c0.5000x0.5000f_dst-emg0_p64x64_q75_tt6&ur=b696e2&_nc_sid=58080a&oh=00_AQKgLv7dutw7t7zMPvGOhrWxah2BCrour7Gu3gWYERxFuA&oe=6ABF1F7A
182,a:f6af4960-e97a-497e-85af-f269d0fee4cc,HP | HP  WAD-E V1 - Client Testimonial | 324,Helix Power Ltd,not set,1,9,0,,2026-08-27,2026-08-29,yes,no,52567116389918,https://scontent-lhr6-1.xx.fbcdn.net/v/t15.5256-10/786561977_3508993039259189_800468199561889519_n.jpg?_nc_cat=103&ccb=1-7&_nc_ohc=INsu7RACmHYQ7kNvwHMWAH7&_nc_oc=AdquyJM6KFodHz0SbKTFMu_N2yLmq39Z1xASEcT1Xxea2XX4S7qXri_bVenCSvrO9njzcUPrry1z5qUffBmpVc7M&_nc_zt=23&_nc_ht=scontent-lhr6-1.xx&edm=AOgd6ZUEAAAA&_nc_gid=pAweFddxxT9CrY_eOg7TXg&_nc_tpa=Q5bMBQK4wiF-y8afVoES-rg26WvWmD3tkp-Ex9TGnQwnrShv5XEkY0X1riY4HIoNdlLzdKobpWc1hV-bkQ&stp=c0.5000x0.5000f_dst-emg0_p64x64_q75_tt6&ur=5fad0e&_nc_sid=58080a&oh=00_AQIjMBglpMdT5fUP27CxOobJpXeuR23SggW5oUrudpwP3Q&oe=6A982637
183,a:8e6bf3f8-f7ff-4d32-8bd8-21dbde3f03e1,HP | WAD-B v1 - Solar Doesn't Work in the UK | 214,Helix Power Ltd,not set,1,8,0,,2026-07-06,2026-07-23,yes,no,52551997414918,https://scontent-lhr11-1.xx.fbcdn.net/v/t15.5256-10/740902928_4201874729955974_8855379170657279056_n.jpg?_nc_cat=111&ccb=1-7&_nc_ohc=CUhdT7MHn-8Q7kNvwEZkXdw&_nc_oc=AdpMdi6h_A5KlrzIJLswPNPmW6vOsaTV6-um4CHC_GXoG3rYYaHqCpDdRSCmuzCW1JK57fzwlyG-voumseCPCZ6i&_nc_zt=23&_nc_ht=scontent-lhr11-1.xx&edm=AOgd6ZUEAAAA&_nc_gid=pAweFddxxT9CrY_eOg7TXg&_nc_tpa=Q5bMBQI_u5rDaVY8EvDNbzOLftjfI4uCjS8yIz0mTNgAF06uGci-2hIkr3i7IK18GlEA9D8Aby0Q_2F6jg&stp=c0.5000x0.5000f_dst-emg0_p64x64_q75_tt6&ur=b696e2&_nc_sid=58080a&oh=00_AQLBSWbSK4R4AMxcyNWLc46qhJeRp0q5vL9oI6bZExy0rw&oe=6A9828C2
184,a:fc136add-9dae-4745-a03b-8a769d68cf36,HP | WAD-A v3 - System Overview | 212,Helix Power Ltd,not set,1,8,0,,2026-07-06,2026-07-25,yes,no,52551997416718,https://scontent-lhr6-1.xx.fbcdn.net/v/t15.5256-10/739335374_1034691112341240_5100032893123361873_n.jpg?_nc_cat=103&ccb=1-7&_nc_ohc=HLg8l3th3kcQ7kNvwEOmpDr&_nc_oc=AdraCsf0KGikbsahIglBOaGIwIYOWVrgzu7AhI7q2b71NXjNqQs0KGMxZ_aiRsnbVZc2SMY2iMh_IjZ2URj2juMc&_nc_zt=23&_nc_ht=scontent-lhr6-1.xx&edm=AOgd6ZUEAAAA&_nc_gid=pAweFddxxT9CrY_eOg7TXg&_nc_tpa=Q5bMBQIQKkzQehgOCZ5ImeKQ8nO_O-miHyhdRQHjI-KvsqQfKUNkVqh2aYwBnbLFjUsXrdOKVn20upsR2g&stp=c0.5000x0.5000f_dst-emg0_p64x64_q75_tt6&ur=b696e2&_nc_sid=58080a&oh=00_AQLjObnSDzlKmCueQ1Sx_IK3iqThhIS6qn7s_MUb8gI5Og&oe=6A9833A1
185,a:f77d31d2-a2f5-48a8-83c5-825f92028083,Test - Test - image1 - Copy,Retrofit Group,solar,1,8,0,,2026-06-29,2026-07-01,no,no,120245741312720125,https://scontent-lhr6-2.xx.fbcdn.net/v/t15.5256-10/727276071_1316605606769740_4257988048124237362_n.jpg?_nc_cat=107&ccb=1-7&_nc_ohc=rD1gX9PF4uUQ7kNvwG0O2mP&_nc_oc=Adr8xIK6rH_SiMoMC22JnsH8xRuBz8uQR1Lch7SxADdFveg6nJOFLqSntrRu39RFT3vYM-GvJV3Ub3ALjDli0Ba8&_nc_zt=23&_nc_ht=scontent-lhr6-2.xx&edm=AOgd6ZUEAAAA&_nc_gid=cKUCh69s2Cq_6gBtaXiy_A&_nc_tpa=Q5bMBQGgdrBN-h7BzN4XCoTi9LL92LArOBiGNpPCEtFyRpmd6lIKhe6XO45iijjIIYS_pg1Jsy8cDkYLRw&stp=c0.5000x0.5000f_dst-emg0_p64x64_q75_tt6&ur=5fad0e&_nc_sid=58080a&oh=00_AQDtG3rAoUPZOrwPaGpdn8narbfEKF6GkryWgGfh4QVrbg&oe=6A6F505E
186,a:8c37aca6-bbf4-49ac-8bdb-559c380cd632,HP | WAD-B v4 - No Bill This Year / Only Paid £9k | 217,Helix Power Ltd,not set,1,7,0,,2026-07-06,2026-07-24,yes,no,52551997415518,https://scontent-lhr11-1.xx.fbcdn.net/v/t15.5256-10/739408415_2614639025618897_4329730144887138388_n.jpg?_nc_cat=110&ccb=1-7&_nc_ohc=q-39HPvvyq0Q7kNvwEltfwg&_nc_oc=AdrTZTQwyUrDMt8hgBFC-URvMZJqJj84-5yh0-zf8YAHKkGQytsuhbXY94xy-hKNY2l9z962VaqNdRMI_7qY4OtA&_nc_zt=23&_nc_ht=scontent-lhr11-1.xx&edm=AOgd6ZUEAAAA&_nc_gid=pAweFddxxT9CrY_eOg7TXg&_nc_tpa=Q5bMBQK9NMtYASfdxqO2f9ovZMINu-s-1o-xBqyn6ptYDJkciF0g4YI5cmBBKc5z3GNHZ3Sue4AD0DGmXw&stp=c0.5000x0.5000f_dst-emg0_p64x64_q75_tt6&ur=b696e2&_nc_sid=58080a&oh=00_AQJX9T3yggF3c_zM-VcQisLhL7tqeEdZFf_jdLX1Lw3ekg&oe=6A981E0D
187,a:d526cfcd-1813-4f45-90c1-1d81bdfabbd3,Test - Boiler image ad 1,Eco Green Upgrades,not set,1,7,0,,2026-07-15,2026-07-16,yes,no,120254389533230011,https://scontent-lhr6-1.xx.fbcdn.net/v/t45.1600-4/722973616_1943423179709034_8078931803011644626_n.png?_nc_cat=103&ccb=1-7&_nc_ohc=WvxzLKLU0G8Q7kNvwHPEhzw&_nc_oc=AdpD1dHuT_WREm7F51gt_nAWGRFAXna0Gy_uBLk58ympgmFu-hu0Oqrlt7PvugV0m0gPjdanrd6nD5NxBfZS5-aH&_nc_zt=1&_nc_ht=scontent-lhr6-1.xx&edm=AOgd6ZUEAAAA&_nc_gid=dlnB1Jb_PGTTTWC6gJwRKg&_nc_tpa=Q5bMBQGQk2kQ2_DNbLlnzzTT-CVLgmrEQdQE19nxEO0AQZYmyUW4gYbPGG7BMxgTOTQPXaE3xazFNj3rFg&stp=c0.5000x0.5000f_dst-emg0_p64x64_q75_tt6&ur=52f3c4&_nc_sid=58080a&oh=00_AQC88m5tTN_OqZ9XCRXGiRW2R_z3B4SWQ0yD_UDuWpYjbQ&oe=6A5E17A0
188,a:3b0cc618-a3b7-4bab-8116-3cd2e62fa95c,HP | WAD-C v1 - No GivEnergy | 210,Helix Power Ltd,not set,1,7,0,,2026-07-25,2026-08-04,no,no,52557958998918,https://scontent-lhr6-1.xx.fbcdn.net/v/t15.5256-10/741236003_4434641013475462_697681646816169018_n.jpg?_nc_cat=108&ccb=1-7&_nc_ohc=L603Ua1LW8UQ7kNvwFvSzwk&_nc_oc=AdoZR0Xugs_gAIjkr5vIUXKZT3hoiJicXVewmoBAznkl0cjzbsmRuXp_M_BGj9uksfAN7hg2NPQqp9A6z842lUP5&_nc_zt=23&_nc_ht=scontent-lhr6-1.xx&edm=AOgd6ZUEAAAA&_nc_gid=pAweFddxxT9CrY_eOg7TXg&_nc_tpa=Q5bMBQKr2TDbWca4TIIDHOTI_prkaCsFPw6DNl95xzbObfXChi832q1gUGfCpFPn8pMZtXJJvU5yblL9YA&stp=c0.5000x0.5000f_dst-emg0_p64x64_q75_tt6&ur=b696e2&_nc_sid=58080a&oh=00_AQLw2CCcD8InTjzxwrImWFDIp8EUEhiZoKL-oLXWxyO5pg&oe=6A9838C5
189,upload:d02c7433-cf1a-4c43-838b-5cc0a1470258,Test - Test - Video,Greentide,solar,1,7,0,,2026-06-29,2026-06-29,no,no,120248961896090201,https://scontent-lhr6-1.xx.fbcdn.net/v/t45.1600-4/732733294_1951445155573503_7733853189528924762_n.png?_nc_cat=103&ccb=1-7&_nc_ohc=pwLj9ozRq8MQ7kNvwGDUsF6&_nc_oc=AdrgH1dDp0KjulVYWkASD5OFCPV9Ajmh74PKj1GNAVxMcilCJHep95EkwCGsN84hc2P9SM3kWmWSmsvYr19zb13h&_nc_zt=1&_nc_ht=scontent-lhr6-1.xx&edm=AOgd6ZUEAAAA&_nc_gid=iBvBkVpFOtKmNCGYk_dwMQ&_nc_tpa=Q5bMBQLC9kRWOQoGf--qDeOo_ePCYtAm_0Cr1pbifMV_ilmap7_D0kyZ3Y-tk_RahCQaWs9fGNkVXcXrRw&stp=c0.5000x0.5000f_dst-emg0_p64x64_q75_tt6&ur=52f3c4&_nc_sid=58080a&oh=00_AQJH8Sf9xcNtQt7uOeKyZ2dNY_WiI4S1amzYeXOwqC3DxA&oe=6A9FF9EE
190,a:00c91e77-3a7c-4af2-8529-8edd045f03f0,MOF-VIDEO9,InstallrHub,not set,1,7,0,,2026-09-14,2026-09-26,yes,no,120250219255070731,https://scontent-iad6-1.xx.fbcdn.net/v/t15.5256-10/793000308_939575209216528_973589624864694598_n.jpg?_nc_cat=102&ccb=1-7&_nc_ohc=kabl1jBoTqAQ7kNvwEpseN1&_nc_oc=AdoriimfxdGukpHSb64z7ojCnih4Zwpg0bCrzMgrU1n0gAGY479y_3Kfn7giuWvXtmUcogMO2tH8dBJpl2f6Q89e&_nc_zt=23&_nc_ht=scontent-iad6-1.xx&edm=AOgd6ZUEAAAA&_nc_gid=PulLCBilRpwPKtZPrGOtIA&_nc_tpa=Q5bMBQKpKY8AnDxJFuXwGMkUpbvWwLWSbhIWuhLhyHxIkYN6Tw0SU2sJ7OxpIYIbBeJPRmraZIO7v9m92g&stp=c0.5000x0.5000f_dst-emg0_p64x64_q75_tt6&ur=7a3cc8&_nc_sid=58080a&oh=00_AQKbmX-0g-eb6ME3kgDWdt1J_fkTGiO7vnSNetE5vjpOQg&oe=6ABF1AD8
191,a:fbd69e23-1256-41fa-aad5-9019659f50e9,HP | WAD-D v2 - Battery + Inverter | 221,Helix Power Ltd,not set,1,7,1,7,2026-09-03,2026-09-03,no,no,52568211942718,https://scontent-cpt1-1.xx.fbcdn.net/v/t15.5256-10/741395483_1523556869516274_4460748799753318524_n.jpg?_nc_cat=107&ccb=1-7&_nc_ohc=mnTQCePwpncQ7kNvwFMjS9b&_nc_oc=AdqglBRPq8ePzCvOUI212MTuGe6ngFox_1UJgCltLXhJ7Aa5gwVXUWvYc2JdF8aKJ2Q&_nc_ad=z-m&_nc_cid=0&_nc_zt=23&_nc_ht=scontent-cpt1-1.xx&_nc_gid=Wil-ux5Hng27OF5IDYJMqw&_nc_ss=7a22e&stp=c0.5000x0.5000f_dst-emg0_p64x64_q75_tt6&ur=5fad0e&_nc_sid=58080a&oh=00_AQIgNVaMaVYvgUY7diNwHai4Mv0vbVz3CJFFRP8rmh9i2Q&oe=6A9DCC6A
192,a:56c6ec1b-dfb3-4ca9-a032-79dd5b0a317e,HP | WAD-B v4 - No Bill This Year / Only Paid £9k | 217,Helix Power Ltd,not set,1,7,0,,2026-07-24,2026-08-05,no,no,52557958999518,https://scontent-lhr11-1.xx.fbcdn.net/v/t15.5256-10/739408415_2614639025618897_4329730144887138388_n.jpg?_nc_cat=110&ccb=1-7&_nc_ohc=q-39HPvvyq0Q7kNvwEltfwg&_nc_oc=AdrTZTQwyUrDMt8hgBFC-URvMZJqJj84-5yh0-zf8YAHKkGQytsuhbXY94xy-hKNY2l9z962VaqNdRMI_7qY4OtA&_nc_zt=23&_nc_ht=scontent-lhr11-1.xx&edm=AOgd6ZUEAAAA&_nc_gid=pAweFddxxT9CrY_eOg7TXg&_nc_tpa=Q5bMBQK9NMtYASfdxqO2f9ovZMINu-s-1o-xBqyn6ptYDJkciF0g4YI5cmBBKc5z3GNHZ3Sue4AD0DGmXw&stp=c0.5000x0.5000f_dst-emg0_p64x64_q75_tt6&ur=b696e2&_nc_sid=58080a&oh=00_AQJX9T3yggF3c_zM-VcQisLhL7tqeEdZFf_jdLX1Lw3ekg&oe=6A981E0D
193,a:42811f14-a4cb-4fbf-b7d4-6edf70948790,HP | WAD-C v2 - How Solar Works in 30s | 211,Helix Power Ltd,not set,1,6,0,,2026-07-24,2026-08-22,yes,no,52557959000518,https://scontent-lhr11-1.xx.fbcdn.net/v/t15.5256-10/740917461_1702895684264439_778322304957167811_n.jpg?_nc_cat=101&ccb=1-7&_nc_ohc=Pc5iTjmyaUQQ7kNvwHXtQEA&_nc_oc=AdrgArf-8WhkYC7e5_LBaj_Hyuyy2yk7IUQzNFoJzYARLEKL0U8IpC-AoN5dG0E-2PQkX-9qB6xGLhBm3xrtL4e_&_nc_zt=23&_nc_ht=scontent-lhr11-1.xx&edm=AOgd6ZUEAAAA&_nc_gid=pAweFddxxT9CrY_eOg7TXg&_nc_tpa=Q5bMBQJio_f0KtbJSN8QUJew0qw5LnkHfO2Lkwq9YLhFESBNpa-WI9_E6aM9FFVezslHnwHxeOPcL46Xuw&stp=c0.5000x0.5000f_dst-emg0_p64x64_q75_tt6&ur=b696e2&_nc_sid=58080a&oh=00_AQI81TGK38O16CvqDhUgHyLrOwdnUgT-69OprR6_jy7WgQ&oe=6A9826E6
194,a:da2288d2-3e18-4c8e-8675-b778811e047d,Solar-Static-ad-7 - Copy 3,InstallrHub,not set,1,6,0,,2026-08-09,2026-08-11,no,no,120249569971480731,https://scontent-lhr6-1.xx.fbcdn.net/v/t45.1600-4/771309925_1987642778620407_8602598152415449251_n.png?_nc_cat=102&ccb=1-7&_nc_ohc=ye-fV1bNsocQ7kNvwEdBPno&_nc_oc=Adp_rNzePE5DLnOoBspwiBs1NJV_pigsCS4P40NSzWdbP8JWcagqGGNrmGvw2ILN1xSsXQon5tEaN6KL9yQa_uH6&_nc_zt=1&_nc_ht=scontent-lhr6-1.xx&edm=AOgd6ZUEAAAA&_nc_gid=rKKfg4wHGcQ1WhR033c62g&_nc_tpa=Q5bMBQLbf689XcFhJOBVT69hcMUscgw3I42iFmjvj6rfdG3hvS34M71sftVTBa6VFDWa6lM_t85mXtReXQ&stp=c0.5000x0.5000f_dst-emg0_p64x64_q75_tt6&ur=52f3c4&_nc_sid=58080a&oh=00_AQHW_K1i4jeZzleQqW2QIfVIMNPQMSHoKd09QHxtE3eHBA&oe=6A956BCD
195,a:d8e2cf37-c78f-4a42-8ea1-0cf7f858d22d,MOF-VIDEO7,InstallrHub,not set,1,5,0,,2026-09-03,2026-09-05,yes,no,120250043349470731,https://scontent-iad3-1.xx.fbcdn.net/v/t15.5256-10/792518705_1780986169762889_1480400239793376526_n.jpg?_nc_cat=101&ccb=1-7&_nc_ohc=UvkxtiF06YcQ7kNvwHO9W8R&_nc_oc=AdqAPU-BCtCDZIJ2hUblRosPMqsgDsMCJx8mrQP8t0KWMlrlJGaSuyEdPbtufmcV1eXyerPX6k1p8dwQEZOMMdfA&_nc_zt=23&_nc_ht=scontent-iad3-1.xx&edm=AOgd6ZUEAAAA&_nc_gid=PulLCBilRpwPKtZPrGOtIA&_nc_tpa=Q5bMBQKy6tKahx6g5IsYMRBDSij981nm0SddKGNfDrCkqkgBFdZm7gISMXnknz-zgPgC8CqrynkjOhcutw&stp=c0.5000x0.5000f_dst-emg0_p64x64_q75_tt6&ur=b21ebc&_nc_sid=58080a&oh=00_AQJq7Wq_xsX9IKKK14D7ePqdKf2RwEw4yQsVVCt1N2GIOQ&oe=6ABF0DF2
196,a:0179c089-f45e-42b6-8674-81bc0e889ae8,Test - Test - Test - image1 - Copy,Retrofit Group,solar,1,5,0,,2026-06-29,2026-06-29,no,no,120246148472350125,https://scontent-lhr6-2.xx.fbcdn.net/v/t15.5256-10/727276071_1316605606769740_4257988048124237362_n.jpg?_nc_cat=107&ccb=1-7&_nc_ohc=rD1gX9PF4uUQ7kNvwG0O2mP&_nc_oc=Adr8xIK6rH_SiMoMC22JnsH8xRuBz8uQR1Lch7SxADdFveg6nJOFLqSntrRu39RFT3vYM-GvJV3Ub3ALjDli0Ba8&_nc_zt=23&_nc_ht=scontent-lhr6-2.xx&edm=AOgd6ZUEAAAA&_nc_gid=cKUCh69s2Cq_6gBtaXiy_A&_nc_tpa=Q5bMBQFej_0ocrPJcaxfl3l4MjjUIeaVYee92e484A8YEvi7URT689DM3U4mr2BI8OwltJFw4ag5s878lA&stp=c0.5000x0.5000f_dst-emg0_p64x64_q75_tt6&ur=5fad0e&_nc_sid=58080a&oh=00_AQBMpHD792HHXyokCrlpHn9dE1Hp-EeGoJ5WyZQFeHky3Q&oe=6A6F505E
197,a:f57a2a12-35cc-45a7-861d-bafa1eb4b614,Ad7,SWH Electrical Solutions,solar,1,5,0,,2026-08-26,2026-08-27,no,no,120248617218580576,https://scontent-iad3-1.xx.fbcdn.net/v/t15.5256-10/771756241_1035151682612965_2218076564455155512_n.jpg?_nc_cat=110&ccb=1-7&_nc_ohc=UT4KefOEJa8Q7kNvwEYlFmt&_nc_oc=AdqZWkl3fZ0RmvvhobtwSE5tfphc4RufLonATJshP7mLvh9od__0bYgTrsq6zPmKjfm5eEf840inqy3r6GCyXjfv&_nc_zt=23&_nc_ht=scontent-iad3-1.xx&edm=AOgd6ZUEAAAA&_nc_gid=KphNjuns2sGKLgVsRaVK5A&_nc_tpa=Q5bMBQJPxB1YZJ_6zRonwL24FVAGCAHdoKIousMktdB-7o0dV-npElkxkpq0IfEA2SgD0rOggKgEK99OHw&stp=c0.5000x0.5000f_dst-emg0_p64x64_q75_tt6&ur=4c1fc5&_nc_sid=58080a&oh=00_AQLeDD-L2iYjqmqoRNg_bZBp6Ves814nT1Zramk6q5Bk8Q&oe=6ABF2794
198,a:3496de40-ae3f-4c59-8d67-31c1205fea7f,HP | WAD-C v3 - System Overview | 218,Helix Power Ltd,not set,1,5,0,,2026-07-24,2026-08-20,yes,no,52557958998518,https://scontent-lhr6-2.xx.fbcdn.net/v/t15.5256-10/741365602_1567544564707380_273861458456538726_n.jpg?_nc_cat=105&ccb=1-7&_nc_ohc=PSPplWJjOqIQ7kNvwELiW5C&_nc_oc=AdqdnWtA2KWh7oMagEZeI7IsTzoZi_taOie1IsH0Zj5kjWkaZgb9VB-vH7sFPdTAtuNmxGr4ESdkX-kjB45jz0RQ&_nc_zt=23&_nc_ht=scontent-lhr6-2.xx&edm=AOgd6ZUEAAAA&_nc_gid=pAweFddxxT9CrY_eOg7TXg&_nc_tpa=Q5bMBQLC6yHRgw5geK_FD1PlW8uNUBQEoScxiZQnsj_ohFtF4PqGNvVYbQEv9cNVaNgUSw1sCxdF7DkppQ&stp=c0.5000x0.5000f_dst-emg0_p64x64_q75_tt6&ur=b696e2&_nc_sid=58080a&oh=00_AQIQDYrmGvBRCw9FLpmw9jXQYUjGV61U7NdEWzohBX35VA&oe=6A981DEA
199,a:ddb5212f-7f94-418f-981b-f7b87968d13d,MOF-VIDEO18,InstallrHub,not set,1,4,0,,2026-09-14,2026-09-22,yes,no,120250219255290731,https://scontent-iad6-1.xx.fbcdn.net/v/t15.5256-10/792717033_1314577480598466_8314269825826851047_n.jpg?_nc_cat=107&ccb=1-7&_nc_ohc=xCBVV6Qa_f8Q7kNvwGvMUs-&_nc_oc=AdrtJRocYnG-_T-xMVgndiOcdx0zr0sO-DIzdk43kKJuHa6KGnDO1QL3n_gQBQkioqBFpKDnnpco5lHzsP_tShfr&_nc_zt=23&_nc_ht=scontent-iad6-1.xx&edm=AOgd6ZUEAAAA&_nc_gid=PulLCBilRpwPKtZPrGOtIA&_nc_tpa=Q5bMBQKKf89cdaJYBtJpSTi91S2RWyuInegDBegzL3BbQNQUcFvt_puwO9nyIbQNY1Te1p1WyKDyqAIHnw&stp=c0.5000x0.5000f_dst-emg0_p64x64_q75_tt6&ur=7a3cc8&_nc_sid=58080a&oh=00_AQLfQ3-9EDLN5wvQRNhaA0eF4YUtd5PQvzG-nsAdAYmfnQ&oe=6ABEFA6E
200,a:546d4aee-3991-4658-bb0f-799fa59190aa,VIDEO5,InstallrHub,not set,1,4,0,,2026-09-03,2026-09-24,yes,no,120250023122460731,https://external-iad3-1.xx.fbcdn.net/emg1/v/t13/14104361122784995220?url=https%3A%2F%2Fwww.facebook.com%2Fads%2Fimage%2F%3Fd%3DAQJaYYUiItqhQbg8KcyaVGt0x8YHgEYcm9gt0elfjdNx-g4mPyrfjecIfO6e2K4O4PxFafpZ8HSF-UNpR31eoukHm5RkRrlAvfz0cvOIYqgiZQlsBeUraXKaIbP3Mok59BafQ5Y5U2XTpYy6ew1aWyFY&fb_obo=1&utld=facebook.com&_nc_sid=58080a&_nc_ht=external-iad3-1.xx.fbcdn.net&stp=c0.5000x0.5000f_dst-emg0_p64x64_q75_tt6&ccb=18-1&_nc_gid=PulLCBilRpwPKtZPrGOtIA&edm=AOgd6ZUEAAAA&_nc_zt=3&_nc_tpa=Q5bMBQJfaVKv9BU-3hRk3Fq3tmwk72765SnlE1-D8QU_dn6s9DxMLlX92CSenhY3aaUpItkbokLml8Vzgg&oh=06_Q3_DAWc-eOoSTWq7H9N2lra9XHYpvdUwRoo1M-FM0GTOe7AV&oe=6ABB0A98
201,a:aabc9fcc-9b53-4e8a-a9ca-6d33c3546e8c,VIDEO13,InstallrHub,not set,1,4,0,,2026-09-03,2026-09-27,yes,no,120250024381350731,https://external-iad3-1.xx.fbcdn.net/emg1/v/t13/14104361122784995220?url=https%3A%2F%2Fwww.facebook.com%2Fads%2Fimage%2F%3Fd%3DAQJaYYUiItqhQbg8KcyaVGt0x8YHgEYcm9gt0elfjdNx-g4mPyrfjecIfO6e2K4O4PxFafpZ8HSF-UNpR31eoukHm5RkRrlAvfz0cvOIYqgiZQlsBeUraXKaIbP3Mok59BafQ5Y5U2XTpYy6ew1aWyFY&fb_obo=1&utld=facebook.com&_nc_sid=58080a&_nc_ht=external-iad3-1.xx.fbcdn.net&stp=c0.5000x0.5000f_dst-emg0_p64x64_q75_tt6&ccb=18-1&_nc_gid=PulLCBilRpwPKtZPrGOtIA&edm=AOgd6ZUEAAAA&_nc_zt=3&_nc_tpa=Q5bMBQJlhik6QwuU19V2jHOuNi21YQ4Jkfg3O0JJHebqj8CHCNNc1RUT7t815dXE_53KrvVjOm-D2iphYA&oh=06_Q3_DAWbmhuxLsMsP0ATf2aJJejektH8m5xB9sirYoRFEd_fc&oe=6ABB0A98
202,a:3f70f479-afda-47bc-ad23-26346593148c,HP | WAD-A v2 - Feed-in Tariff | 209,Helix Power Ltd,not set,1,4,0,,2026-07-24,2026-08-07,no,no,52557959001118,https://scontent-lhr11-1.xx.fbcdn.net/v/t15.5256-10/741196627_1713938213070563_1825428153985404293_n.jpg?_nc_cat=110&ccb=1-7&_nc_ohc=11ZgH_cbhzgQ7kNvwHDpgUg&_nc_oc=AdpPgTutpRm7ewnktxy8UDRRYFg9NU38y9-0pOIJL8QjcSjsELk70WJ1VUcTSD48SOECRpKXxCyvClim7Jg99Uhu&_nc_zt=23&_nc_ht=scontent-lhr11-1.xx&edm=AOgd6ZUEAAAA&_nc_gid=pAweFddxxT9CrY_eOg7TXg&_nc_tpa=Q5bMBQK5I-GgIcJ-Z3niDCWMBVPJJhJi1OGUQZoTnMDbL5uWfoEPRbIubJQza_E6P4rmWlDkDH3ArZQ4sw&stp=c0.5000x0.5000f_dst-emg0_p64x64_q75_tt6&ur=b696e2&_nc_sid=58080a&oh=00_AQISX8Rwpil4ziT-FnXjpsBJx4n62Y9Up7hewtqXyKicKQ&oe=6A981C87
203,a:45e2d349-983d-4e11-9589-39b2b7d930a0,HP | WAD-D v4 - Savings | 223,Helix Power Ltd,not set,1,4,1,4,2026-07-06,2026-08-27,yes,no,52551867163918,https://scontent-lhr6-2.xx.fbcdn.net/v/t15.5256-10/739294958_5496743793883426_7973772409675622568_n.jpg?_nc_cat=109&ccb=1-7&_nc_ohc=h7tp7ZxBaAIQ7kNvwHA_INy&_nc_oc=Adrom-2ykzP_tA_MmpBxu0DVpegt-1PiD7r4VCaZILns6EUbj9v2s23uOk8vnvciFxIPBEgn6pmdjZoQGRZM0jZl&_nc_zt=23&_nc_ht=scontent-lhr6-2.xx&edm=AOgd6ZUEAAAA&_nc_gid=pAweFddxxT9CrY_eOg7TXg&_nc_tpa=Q5bMBQIJDFwL2JNwJ3uGjDSt0X-8xDJkxour4MYr8AWdW2bzZwUb1kEaI33FNLFgEHLpeAHjAeXqSZbl5g&stp=c0.5000x0.5000f_dst-emg0_p64x64_q75_tt6&ur=b696e2&_nc_sid=58080a&oh=00_AQLvxlyP7TisbpFL__vhezPN2UqwTGw00kKfbslVrDtc0Q&oe=6A982F53
204,a:ecfe3fad-ffc9-4293-9146-f1c465f0e808,MOF-VIDEO17,InstallrHub,not set,1,4,0,,2026-09-03,2026-09-09,yes,no,120250045093220731,https://scontent-iad6-1.xx.fbcdn.net/v/t15.5256-10/793720190_1447764347194711_3825203798179220018_n.jpg?_nc_cat=106&ccb=1-7&_nc_ohc=cwRsTpo7ZkYQ7kNvwGpEQ4H&_nc_oc=AdqiaG5v_xOBuWdsPb0PMHG43mKD_dFGRcj2xJvIuTu3Ur-JTdlwZNpJ1YX79vqsw5GaYX8QRl89QpsdKjxDf4UV&_nc_zt=23&_nc_ht=scontent-iad6-1.xx&edm=AOgd6ZUEAAAA&_nc_gid=PulLCBilRpwPKtZPrGOtIA&_nc_tpa=Q5bMBQIu0Or4ZUC9tQB4DR2-9OX4xjkN1p-aSnfeFe2GeK4rtElpzYSpFdi9-zG_Hs6h-r5tgJr8R5J3cQ&stp=c0.5000x0.5000f_dst-emg0_p64x64_q75_tt6&ur=b21ebc&_nc_sid=58080a&oh=00_AQIvp53NIId-6wuAMqKAfYQZ0hyNQLh58Lkm1-7xCbwlEA&oe=6ABEF8B1
205,a:466bb1f4-0bfc-4d92-a8a6-889e6c900183,HP | WAD-D v4 - Savings | 223,Helix Power Ltd,not set,1,4,0,,2026-09-03,2026-09-03,no,no,52568211942518,https://scontent-cpt1-1.xx.fbcdn.net/v/t15.5256-10/739294958_5496743793883426_7973772409675622568_n.jpg?_nc_cat=109&ccb=1-7&_nc_ohc=BZenBjD1H-0Q7kNvwG9HOxc&_nc_oc=AdpRSkzInvi09JStKO8EWIyCRFt4stNyi3u62aHu2mCdZXlXaTuNg91b3Yae1__l75g&_nc_ad=z-m&_nc_cid=0&_nc_zt=23&_nc_ht=scontent-cpt1-1.xx&_nc_gid=Wil-ux5Hng27OF5IDYJMqw&_nc_ss=7a22e&stp=c0.5000x0.5000f_dst-emg0_p64x64_q75_tt6&ur=5fad0e&_nc_sid=58080a&oh=00_AQJKRngUhXC1UiAHM3ofmzmeed7ctI98kxgmu90l3miLWA&oe=6A9DE5D3
206,a:0ec3c858-cb2e-4b5d-b046-aebe2ffcc2f1,MOF-VIDEO4,InstallrHub,not set,1,3,0,,2026-09-14,2026-09-17,yes,no,120250219255020731,https://scontent-iad3-2.xx.fbcdn.net/v/t15.5256-10/791996203_2341599456375716_9019036416135865225_n.jpg?_nc_cat=111&ccb=1-7&_nc_ohc=uPyuD1jQNNgQ7kNvwEsUjZD&_nc_oc=AdqEQo1eJQZY-noxZKmTOASlvgnCrXI8y8SQ4jqKfkkxRRXjwDeQo67_FWjw_MmmDwT5APV0AAxcv7Z9mvRuUCmy&_nc_zt=23&_nc_ht=scontent-iad3-2.xx&edm=AOgd6ZUEAAAA&_nc_gid=PulLCBilRpwPKtZPrGOtIA&_nc_tpa=Q5bMBQIappANt-nwJoymeNL3JfAQZ_S_VGU1I-4fwDJiKgMEDmg99Ze5RIYmbIYHAkCvL1asrGbrPQjvXg&stp=c0.5000x0.5000f_dst-emg0_p64x64_q75_tt6&ur=b696e2&_nc_sid=58080a&oh=00_AQK-mNAK9XEVf1qxJu7QOG1BIex7FI16QeLVu77JrC6KWQ&oe=6ABEFE36
207,a:9222918c-a6fc-4fef-889f-6f2d8f6ffcde,Test - Test - Test - image1 - Copy,Retrofit Group,solar,1,3,0,,2026-06-29,2026-06-29,no,no,120246148472250125,https://external-lhr6-1.xx.fbcdn.net/emg1/v/t13/175718684403963799?url=https%3A%2F%2Fwww.facebook.com%2Fads%2Fimage%2F%3Fd%3DAQLoyCPHwVvSlPklgIIHs47WuqfWCxnEYw0fWC7Urqe5vdSI7ZpbMjw-rJBWlPkiqNyi6rMK4zu6nOR6O2IAtX6kNf8gvN9w3G56anpkSkkhxbthyix7wGdFuYLspFyFUVZmdYgKu6LaQm7PAVX3gIB3&fb_obo=1&utld=facebook.com&stp=c0.5000x0.5000f_dst-emg0_p64x64_q75_tt6&edm=AOgd6ZUEAAAA&_nc_gid=cKUCh69s2Cq_6gBtaXiy_A&_nc_oc=Adqben1WohYEReD9DR1TdmDBIxnX48VPYbDC42fN-XLwK-WE1r2SFquXIIXnYwcpbn-XjSsoO2m6QBBfju6SFYL-&ccb=13-1&oh=06_Q3_BARZg6kD7bXuHqdrXoVXEE-f5I5PG1nztzFuNwnWhIqv2&oe=6A6B613A&_nc_sid=58080a
208,a:2ee4241f-f6dc-4635-b7df-aca1e18dcbfe,VIDEO21,InstallrHub,not set,1,3,0,,2026-09-03,2026-09-26,yes,no,120250044969510731,https://external-iad3-1.xx.fbcdn.net/emg1/v/t13/14104361122784995220?url=https%3A%2F%2Fwww.facebook.com%2Fads%2Fimage%2F%3Fd%3DAQJaYYUiItqhQbg8KcyaVGt0x8YHgEYcm9gt0elfjdNx-g4mPyrfjecIfO6e2K4O4PxFafpZ8HSF-UNpR31eoukHm5RkRrlAvfz0cvOIYqgiZQlsBeUraXKaIbP3Mok59BafQ5Y5U2XTpYy6ew1aWyFY&fb_obo=1&utld=facebook.com&_nc_sid=58080a&_nc_ht=external-iad3-1.xx.fbcdn.net&stp=c0.5000x0.5000f_dst-emg0_p64x64_q75_tt6&ccb=18-1&_nc_gid=PulLCBilRpwPKtZPrGOtIA&edm=AOgd6ZUEAAAA&_nc_zt=3&_nc_tpa=Q5bMBQIjbGHvzbUigKmphkn2CXyrJDz_ffkelDDW2l29mdKsb9wISTgcWmz5xTToG88jkKRKo998QWajJw&oh=06_Q3_DAUdFImK9JrQaH80Gt17CCHcMs32FCGHxw8f04gOGYA4E&oe=6ABB0A98
209,a:2dd694e9-0b20-4bbc-ba7c-c4d058343616,HP | WAD-C v4 - Holiday Home | 219,Helix Power Ltd,not set,1,3,1,3,2026-07-24,2026-08-24,yes,no,52557958999718,https://scontent-lhr6-1.xx.fbcdn.net/v/t15.5256-10/737819392_1038652415408267_1904160464728927636_n.jpg?_nc_cat=102&ccb=1-7&_nc_ohc=A4bQTOrfqhsQ7kNvwEExXEp&_nc_oc=AdrlBX2Q2AmsjhAJMIXW4_uBOEuQhr7CEB-zPPGGe-RK2XycuXZGHTKuTtaVTaduLNB9D5BKJQJ0VcuSuYMyORUv&_nc_zt=23&_nc_ht=scontent-lhr6-1.xx&edm=AOgd6ZUEAAAA&_nc_gid=pAweFddxxT9CrY_eOg7TXg&_nc_tpa=Q5bMBQKXHbD-5XoFCOItESydKC1SQAeIG0uOwGbSswCPPb0mo5rX_dp4T6i2xB4AxcXGbME4jKdttPEQMw&stp=c0.5000x0.5000f_dst-emg0_p64x64_q75_tt6&ur=b696e2&_nc_sid=58080a&oh=00_AQJNdaMyBi6vqo1knQdmP2azd1t2WNrDIL3uexOceuOKjg&oe=6A9819C6
210,a:183a2c15-4d69-46f7-bc2a-43dfe334509e,Ad2,Outlook Energy,hp,1,3,0,,2026-09-01,2026-09-01,yes,no,120250447171780124,https://scontent-iad3-1.xx.fbcdn.net/v/t15.5256-10/791848725_1054501950668971_6751700668465728303_n.jpg?_nc_cat=101&ccb=1-7&_nc_ohc=VHahq6m2b54Q7kNvwFCdwL3&_nc_oc=AdpRoSlTjpim_jAKLmVhGu_L0t1FGlQx5gzSwY9aIIe7lw7gQITGrSKI56Vk1PfdzLKzyy6mZymz0F5d8DquoZI_&_nc_zt=23&_nc_ht=scontent-iad3-1.xx&edm=AOgd6ZUEAAAA&_nc_gid=0TsxSkLscIrAJW5a4QMFog&_nc_tpa=Q5bMBQL8oQ0DUmjVHC1vjfiftN7xLqk8UnHbNTIhrVDFtIZ-ZnlUxxOgkA05dt_iOngEKhUOh_YArjGd7Q&stp=c0.5000x0.5000f_dst-emg0_p64x64_q75_tt6&ur=b696e2&_nc_sid=58080a&oh=00_AQIMYwob02YI8e83ozZF3kZl_S5Na5KfWUB4fCg3WLNIbg&oe=6ABF2D37
211,a:dabf6b70-5020-4f88-b653-f87ebdc0c4a3,MOF-VIDEO14,InstallrHub,not set,1,3,0,,2026-09-14,2026-09-22,yes,no,120250219255310731,https://scontent-iad3-1.xx.fbcdn.net/v/t15.5256-10/793257524_1738219727506317_4808428315448771685_n.jpg?_nc_cat=108&ccb=1-7&_nc_ohc=kvqgmnOl6EIQ7kNvwHZAMao&_nc_oc=AdqNTE7R3ZxI85zmPfUQ5BcnMxabLiUcrAohvLxPA8viauKPzms54IpxiuhD6XUWQG0lROq3GH4FCGUtNNdflRbM&_nc_zt=23&_nc_ht=scontent-iad3-1.xx&edm=AOgd6ZUEAAAA&_nc_gid=PulLCBilRpwPKtZPrGOtIA&_nc_tpa=Q5bMBQKxKr5_cz6IfjMnyfOCRUHCiLdQ-bZnwHaYaIAypuNgPYMoUqGaSgJgn-TROgD_UBOVn89i8zaVnQ&stp=c0.5000x0.5000f_dst-emg0_p64x64_q75_tt6&ur=7a3cc8&_nc_sid=58080a&oh=00_AQJGIUQLaGn9qhRcjDyGxE1oa_-C0LRTlVTtJ1tvsGvDDg&oe=6ABF0193
212,a:34998a07-1b1c-4e22-b42f-bc97bc085bb2,MOF-VIDEO16,InstallrHub,not set,1,3,0,,2026-09-14,2026-09-17,yes,no,120250219255220731,https://scontent-iad3-1.xx.fbcdn.net/v/t15.5256-10/793594863_1045643601643901_641106345224861601_n.jpg?_nc_cat=101&ccb=1-7&_nc_ohc=8NuD8m04W9UQ7kNvwFbeCrQ&_nc_oc=AdrrGVgnQjx0Yg1C_FDwZMQHx7woUeU4wNDy8UN2ud9ii9Swx8CdRgzaRBUpMbqvM1CSys93IVc9zCQG5S5b8BhU&_nc_zt=23&_nc_ht=scontent-iad3-1.xx&edm=AOgd6ZUEAAAA&_nc_gid=PulLCBilRpwPKtZPrGOtIA&_nc_tpa=Q5bMBQIC4WxFPY4gm5-3Kp6P9Lc1NGtwdEOBHeFOh0le83jq7187Xc7vBBlIalNgQVTytn2YJnxp5Y3whw&stp=c0.5000x0.5000f_dst-emg0_p64x64_q75_tt6&ur=7a3cc8&_nc_sid=58080a&oh=00_AQIUmY1Xg5FLc6PNJQFPrGRAoV2ZbLxyHWMyLe_TpyTo9g&oe=6ABF010A
213,a:378831ab-fab6-4ad8-a565-19e2d77cc2b7,MOF-VIDEO10,InstallrHub,not set,1,3,0,,2026-09-14,2026-09-22,yes,no,120250219255330731,https://scontent-iad3-1.xx.fbcdn.net/v/t15.5256-10/792518627_5448869825338374_1682669259181198891_n.jpg?_nc_cat=101&ccb=1-7&_nc_ohc=k6QRpFMu908Q7kNvwH6fRRC&_nc_oc=AdoyWBfOWD7szZK6_supH4b5BigXFZ9Mg2GGGLFYnvUAw7B2Rfake3d3-O__ky33SKBEzIsLSZXfZ6IrCqc9WqN5&_nc_zt=23&_nc_ht=scontent-iad3-1.xx&edm=AOgd6ZUEAAAA&_nc_gid=PulLCBilRpwPKtZPrGOtIA&_nc_tpa=Q5bMBQKZ2OMv4eCaGDS7npj2jeuJXL3RFYNRC8wOTdWFJv3mPOACIL377xh6rW-ftWCF1k-CptnJ1lyEzQ&stp=c0.5000x0.5000f_dst-emg0_p64x64_q75_tt6&ur=7a3cc8&_nc_sid=58080a&oh=00_AQKH-SJKt0mBVxwnmUAFyjDI5hhSjy5408upnRjoqCyaBg&oe=6ABEFB9C
214,a:1194c4db-4438-4d4c-a5f7-80139485c024,HP | WAD-B v1 - Solar Doesn't Work in the UK | 214,Helix Power Ltd,not set,1,2,0,,2026-07-24,2026-08-22,yes,no,52557958999918,https://scontent-lhr11-1.xx.fbcdn.net/v/t15.5256-10/740902928_4201874729955974_8855379170657279056_n.jpg?_nc_cat=111&ccb=1-7&_nc_ohc=CUhdT7MHn-8Q7kNvwEZkXdw&_nc_oc=AdpMdi6h_A5KlrzIJLswPNPmW6vOsaTV6-um4CHC_GXoG3rYYaHqCpDdRSCmuzCW1JK57fzwlyG-voumseCPCZ6i&_nc_zt=23&_nc_ht=scontent-lhr11-1.xx&edm=AOgd6ZUEAAAA&_nc_gid=pAweFddxxT9CrY_eOg7TXg&_nc_tpa=Q5bMBQI_u5rDaVY8EvDNbzOLftjfI4uCjS8yIz0mTNgAF06uGci-2hIkr3i7IK18GlEA9D8Aby0Q_2F6jg&stp=c0.5000x0.5000f_dst-emg0_p64x64_q75_tt6&ur=b696e2&_nc_sid=58080a&oh=00_AQLBSWbSK4R4AMxcyNWLc46qhJeRp0q5vL9oI6bZExy0rw&oe=6A9828C2
215,a:6bcd34ac-33a4-4180-8251-dd74c44358d0,HP | WAD-A v4 - Why us | 213,Helix Power Ltd,not set,1,2,0,,2026-07-07,2026-08-19,yes,no,52551997414718,https://scontent-lhr6-1.xx.fbcdn.net/v/t15.5256-10/739355039_2564225333997439_2005750204349786041_n.jpg?_nc_cat=103&ccb=1-7&_nc_ohc=3jh9VJ7RojMQ7kNvwEqVRmm&_nc_oc=AdqiAKuKixDnKf_7audzfCL9_kF5uE2iYLUSIGPn9mVuIwKqByS3jpCP2ySDvm21BxwhQ4CM7QMYX9Q1yfgSqW1q&_nc_zt=23&_nc_ht=scontent-lhr6-1.xx&edm=AOgd6ZUEAAAA&_nc_gid=pAweFddxxT9CrY_eOg7TXg&_nc_tpa=Q5bMBQKS66dlrybGIk4V3W-OrBqFAjys1uLx0n9krZN0Of-sSc-a9SPjo13CM6fDZLPNudNrMPUeB58u0A&stp=c0.5000x0.5000f_dst-emg0_p64x64_q75_tt6&ur=b696e2&_nc_sid=58080a&oh=00_AQIkayrDo8pm-3GXqIBkuAsSQjITI0nIMpTaPhqE3sK0NQ&oe=6A983000
216,upload:6085dc3d-786a-40e4-a04b-ef2f749435e0,Test - Test - Video 1,HQ Group,hp,1,2,0,,2026-07-03,2026-07-03,yes,no,120250050627350306,https://scontent-lhr6-2.xx.fbcdn.net/v/t45.1600-4/737324936_1957134865004532_2824197591016415406_n.png?_nc_cat=107&ccb=1-7&_nc_ohc=Q3Oe0y04nCUQ7kNvwGlP4Xi&_nc_oc=AdqYHMhlB1CYXsTdRNUVhEJLGvgpLAmUfhRRCguHEgn_Jy3iVvAZ7MFkVt-bafGlahJ0T7tRzhjzWPVei4IjpF1f&_nc_zt=1&_nc_ht=scontent-lhr6-2.xx&edm=AOgd6ZUEAAAA&_nc_gid=pXm03DYXhtZw1s3LJUfuCQ&_nc_tpa=Q5bMBQHUJ03MAOEZlMDQmKAbSx0w6lUwA5ZwojKdDxZCLqLGI3vgdVp_5nQbdxdq4z8T6AXWsMjpFyRwZA&stp=c0.5000x0.5000f_dst-emg0_p64x64_q75_tt6&ur=52f3c4&_nc_sid=58080a&oh=00_AQCNma2bquTx3hlPQbXFco7r-3qW38SlRH4UllP6dD7OGA&oe=6A4D03AF
217,a:ad9f4627-66f8-4408-abdf-32512fc30f38,MOF-VIDEO8,InstallrHub,not set,1,2,0,,2026-09-03,2026-09-09,yes,no,120250043368320731,https://scontent-iad3-2.xx.fbcdn.net/v/t15.5256-10/791942703_1758760435434462_6254753669903751002_n.jpg?_nc_cat=111&ccb=1-7&_nc_ohc=yJcXcxdJxBAQ7kNvwFz7FZ3&_nc_oc=Adp-M4QXkEP0d6c9h_INuTi5SP4geRrEWVZ6hrPghSW8Pv_kf-KTlHDTzAlmlduWuhsErz5epiiqsa8GmkrU-gUm&_nc_zt=23&_nc_ht=scontent-iad3-2.xx&edm=AOgd6ZUEAAAA&_nc_gid=PulLCBilRpwPKtZPrGOtIA&_nc_tpa=Q5bMBQLKzTP_2088Ru0RCUZV2NY4TeJ0aIAuRsm0-eeIDcKMezXHe6L4YKRMurxtU6F-Jcdv7F_Q59wu_Q&stp=c0.5000x0.5000f_dst-emg0_p64x64_q75_tt6&ur=b21ebc&_nc_sid=58080a&oh=00_AQLupJeEc5_URbO__4EC9Uumr3w-q4ffed0Da3W1ua17yA&oe=6ABF2787
218,a:349ad4ec-697c-4aa8-b945-f5121c101e8f,C1 - BSHQ - ad3,HQ Group,not set,1,2,0,,2026-06-29,2026-06-29,no,no,120248869118320306,https://external-lhr6-2.xx.fbcdn.net/emg1/v/t13/14554131467896281684?url=https%3A%2F%2Fwww.facebook.com%2Fads%2Fimage%2F%3Fd%3DAQL5BceCPApj-HppAhkaCLbqZqxLiNuJmu72-04tMC5kS-9IOR1f5hXODRYHINzcCBKASbC0HJGLHwcs5IxHUGmOv2lf-h8dz4pZh1GEO9QFWa6KJlvCor_yYNpbl_4ITAT62KAtBWLf_Be2nCE4fX3P&fb_obo=1&utld=facebook.com&stp=c0.5000x0.5000f_dst-emg0_p64x64_q75_tt6&edm=AOgd6ZUEAAAA&_nc_gid=jeUGIiMRi1sQ6CEHax2i7g&_nc_oc=AdowolMh1Mi0q--0uncLCKT6Zg824iSYVvOQhRKffkavk84lhtZcXh2nuX5S_ym-en1ver9eQNxon4cm0HQVHAYF&ccb=13-1&oh=06_Q3_AAQnB1KTDesBDjQwEpy2E-yXUQbTgJmMwdV6LBX-YCZ5G&oe=6A46793B&_nc_sid=58080a
219,a:54599b9b-7d25-497c-a193-e1440b32088d,VIDEO19,InstallrHub,not set,1,2,0,,2026-09-03,2026-09-25,yes,no,120250024771100731,https://external-iad3-1.xx.fbcdn.net/emg1/v/t13/14104361122784995220?url=https%3A%2F%2Fwww.facebook.com%2Fads%2Fimage%2F%3Fd%3DAQJaYYUiItqhQbg8KcyaVGt0x8YHgEYcm9gt0elfjdNx-g4mPyrfjecIfO6e2K4O4PxFafpZ8HSF-UNpR31eoukHm5RkRrlAvfz0cvOIYqgiZQlsBeUraXKaIbP3Mok59BafQ5Y5U2XTpYy6ew1aWyFY&fb_obo=1&utld=facebook.com&_nc_sid=58080a&_nc_ht=external-iad3-1.xx.fbcdn.net&stp=c0.5000x0.5000f_dst-emg0_p64x64_q75_tt6&ccb=18-1&_nc_gid=PulLCBilRpwPKtZPrGOtIA&edm=AOgd6ZUEAAAA&_nc_zt=3&_nc_tpa=Q5bMBQI-ZJvXIuusGjtXRQfQwN-0lrwKL4aJZ85Kn_MP7_3zUX1WxcNzT14nVF30vZKBzgg89zCW-3VNDg&oh=06_Q3_DAddEAKRCq5XIW1uheJyyKfu49VQ4ayHKQJNUrQmt8_fv&oe=6ABB0A98
220,a:d6d68b58-199d-48d1-81e7-d043bdc013df,VIDEO10,InstallrHub,not set,1,2,0,,2026-09-03,2026-09-24,yes,no,120250024052550731,https://external-iad3-1.xx.fbcdn.net/emg1/v/t13/14104361122784995220?url=https%3A%2F%2Fwww.facebook.com%2Fads%2Fimage%2F%3Fd%3DAQJaYYUiItqhQbg8KcyaVGt0x8YHgEYcm9gt0elfjdNx-g4mPyrfjecIfO6e2K4O4PxFafpZ8HSF-UNpR31eoukHm5RkRrlAvfz0cvOIYqgiZQlsBeUraXKaIbP3Mok59BafQ5Y5U2XTpYy6ew1aWyFY&fb_obo=1&utld=facebook.com&_nc_sid=58080a&_nc_ht=external-iad3-1.xx.fbcdn.net&stp=c0.5000x0.5000f_dst-emg0_p64x64_q75_tt6&ccb=18-1&_nc_gid=PulLCBilRpwPKtZPrGOtIA&edm=AOgd6ZUEAAAA&_nc_zt=3&_nc_tpa=Q5bMBQI17c4HL8Gxf_CsCbxrrLPWoQUIpoG9osNwQvd6Hic4Z5zbbglCdwNTFAlpyG1fs1njM0AsqWyOEQ&oh=06_Q3_DAZZ8jnTQdsroabRGEz_KTZap5u3XtTMKnQmSC1RijfVh&oe=6ABB0A98
221,a:f2579314-0863-4076-9a88-3de0318f5573,C1 - BSHQ - ad2,HQ Group,not set,1,1,0,,2026-06-29,2026-06-29,no,no,120248868711530306,https://external-lhr6-2.xx.fbcdn.net/emg1/v/t13/18036885632435657513?url=https%3A%2F%2Fwww.facebook.com%2Fads%2Fimage%2F%3Fd%3DAQL2Hz8xqBuFlx3xMVhc8nBmgd0w6eefAWEgzr6m9N4Ew-ki57UbnXSyiV3jjlM9twW-IsREzmsYNRIvwPiI9Nw_MB3RIs3DBxhI8qZ5--2gksBlMwgvLTJyjAs_UAe8H42avTWBKi6sb0U3zPL4YaYX&fb_obo=1&utld=facebook.com&stp=c0.5000x0.5000f_dst-emg0_p64x64_q75_tt6&edm=AOgd6ZUEAAAA&_nc_gid=jeUGIiMRi1sQ6CEHax2i7g&_nc_oc=Adom8V70jEICGMBeIds1yDK8YlP5ZHbNJB0LE0LAwmrh6i4hzoLjZ4IG4mj1Qie6aeIlHJO_BhRTKqqmgZnTIvGU&ccb=13-1&oh=06_Q3_AAbfWNIHdvIPl_tpQAeaJfPPSQPH_XMfy9oRR6wD1venm&oe=6A4665D6&_nc_sid=58080a
222,a:7b9c676b-2a86-4fe1-a0e7-84199a7c0e6d,HP | WAD-B v2 - Helix Process in 60s | 215,Helix Power Ltd,not set,1,1,0,,2026-07-06,2026-07-24,yes,no,52551997415118,https://scontent-lhr11-1.xx.fbcdn.net/v/t15.5256-10/738011140_1315786660712622_5461201400004025051_n.jpg?_nc_cat=101&ccb=1-7&_nc_ohc=seemD5C-l_AQ7kNvwHg3LlJ&_nc_oc=AdpuBUHB06hFNNNBjB-UvYdfPVg9EpcqqMdwaViDDvaALEKMIZDoHlKfosGsOz139OWi3dwogzPLlqm51RLiMTix&_nc_zt=23&_nc_ht=scontent-lhr11-1.xx&edm=AOgd6ZUEAAAA&_nc_gid=pAweFddxxT9CrY_eOg7TXg&_nc_tpa=Q5bMBQLKRT7jcD7yHmmpYPThpRGlxOBXfr_tbtYaqg9pDEMFqaGoN7ONl-wEHSb_4yvm34ZqLicAPv6rEQ&stp=c0.5000x0.5000f_dst-emg0_p64x64_q75_tt6&ur=b696e2&_nc_sid=58080a&oh=00_AQILa2VabG4e8hNDqdMxPqgQEtPq5RmTvIMCQchdAH82jA&oe=6A982467
223,a:8c366540-f679-41ba-88f3-86b9ac91b8c3,HP | WAD-B v3 - Why 14 Panels | 216,Helix Power Ltd,not set,1,1,0,,2026-07-07,2026-08-01,yes,no,52551997415318,https://scontent-lhr11-1.xx.fbcdn.net/v/t15.5256-10/741143268_986452330874058_4844042540520734532_n.jpg?_nc_cat=111&ccb=1-7&_nc_ohc=uuEwTcclHdYQ7kNvwG_T5Lw&_nc_oc=AdriMsE88f4XnsUjV4wpWrkDX8LDu_xpSEIee1jKuegBBOPe3JyAhfGWh0Wg_vfiQNv7gn9H7dCfUm6mAcDeynBq&_nc_zt=23&_nc_ht=scontent-lhr11-1.xx&edm=AOgd6ZUEAAAA&_nc_gid=pAweFddxxT9CrY_eOg7TXg&_nc_tpa=Q5bMBQIDcJtF2yPPS6Ubvl3BtW68CtvEFrAtD-uT2Orh88jYoImdhku-WVAp-rLeEGG_1ru45o5ixiUp-Q&stp=c0.5000x0.5000f_dst-emg0_p64x64_q75_tt6&ur=b696e2&_nc_sid=58080a&oh=00_AQKhs-GR1JebDV3mQ5zhthIB88xIC7eMFla5UWbIbRMn9A&oe=6A98168F
224,a:fe8bbc86-dbdd-4965-bccb-93750d28c504,MOF-VIDEO16,InstallrHub,not set,1,1,0,,2026-09-03,2026-09-05,yes,no,120250045063560731,https://scontent-iad6-1.xx.fbcdn.net/v/t15.5256-10/792820541_1115058897706929_1155811502166815369_n.jpg?_nc_cat=106&ccb=1-7&_nc_ohc=wX6dQmsqtvwQ7kNvwHmbMPe&_nc_oc=Adrjy-aO3tZ8qriVFAEusZavBuo3jqn4GGG1GhdTJ_79j6cRr7zvRCIh-Nps4KvgNCA0Tmz4UfHI5Vu0s86uBqjL&_nc_zt=23&_nc_ht=scontent-iad6-1.xx&edm=AOgd6ZUEAAAA&_nc_gid=PulLCBilRpwPKtZPrGOtIA&_nc_tpa=Q5bMBQJhlJ3Wq8GZZDC7HKi93vVpC9rCY6Cs-kVD3kPzXZjkAtHe_yjFUx9hGTlbZFdBAwalq4mUqnBAEg&stp=c0.5000x0.5000f_dst-emg0_p64x64_q75_tt6&ur=b21ebc&_nc_sid=58080a&oh=00_AQJ-k9hLIZ1LLYuFfTom20AQxRjH_6MWfz4fiy7JlpNSFQ&oe=6ABF2E44
225,a:fa7c695b-7a11-448f-b532-a8349796f7c9,HP | WAD-A v2 - Feed-in Tariff | 209,Helix Power Ltd,not set,1,1,0,,2026-07-06,2026-07-29,yes,no,52551997414118,https://scontent-lhr11-1.xx.fbcdn.net/v/t15.5256-10/741196627_1713938213070563_1825428153985404293_n.jpg?_nc_cat=110&ccb=1-7&_nc_ohc=11ZgH_cbhzgQ7kNvwHDpgUg&_nc_oc=AdpPgTutpRm7ewnktxy8UDRRYFg9NU38y9-0pOIJL8QjcSjsELk70WJ1VUcTSD48SOECRpKXxCyvClim7Jg99Uhu&_nc_zt=23&_nc_ht=scontent-lhr11-1.xx&edm=AOgd6ZUEAAAA&_nc_gid=pAweFddxxT9CrY_eOg7TXg&_nc_tpa=Q5bMBQK5I-GgIcJ-Z3niDCWMBVPJJhJi1OGUQZoTnMDbL5uWfoEPRbIubJQza_E6P4rmWlDkDH3ArZQ4sw&stp=c0.5000x0.5000f_dst-emg0_p64x64_q75_tt6&ur=b696e2&_nc_sid=58080a&oh=00_AQISX8Rwpil4ziT-FnXjpsBJx4n62Y9Up7hewtqXyKicKQ&oe=6A981C87
226,a:7a692fcf-34d3-49be-a4c8-c7c5c322498c,HP | WAD-D v1 - My House System Overview | 220,Helix Power Ltd,not set,1,1,0,,2026-07-06,2026-08-21,yes,no,52551997415918,https://scontent-lhr11-1.xx.fbcdn.net/v/t15.5256-10/741495169_2129230527624127_6699952291497068_n.jpg?_nc_cat=104&ccb=1-7&_nc_ohc=WCxOjTyiymUQ7kNvwGX_re1&_nc_oc=Adqajyf1-4PWRxxTcMujpg0apoGju3HIB8uKQg934tihbK6Ba-BYWFW6fpLySnYdPxlPRMaDcko6hHWKyQZictaC&_nc_zt=23&_nc_ht=scontent-lhr11-1.xx&edm=AOgd6ZUEAAAA&_nc_gid=pAweFddxxT9CrY_eOg7TXg&_nc_tpa=Q5bMBQKyNaQ_JgTCx26WU51vMbqCGA_9-PKffm41PsnSDUU1F9WRy10eqmaHiM09rJ07plLKLtkR-QznPw&stp=c0.5000x0.5000f_dst-emg0_p64x64_q75_tt6&ur=b696e2&_nc_sid=58080a&oh=00_AQLA77wVPa6J2hO72o8DwkhCIU0CQl8KOV0ZbSS-AGoEJw&oe=6A981A6F
227,a:f07a5564-3427-45e1-b4f5-786345d1d325,Ad3,Outlook Energy,hp,1,1,0,,2026-09-01,2026-09-01,yes,no,120250447179550124,https://scontent-iad6-1.xx.fbcdn.net/v/t15.5256-10/790424946_946109794653238_8602969298345080165_n.jpg?_nc_cat=109&ccb=1-7&_nc_ohc=S4uX0tL3ufAQ7kNvwEv8wtE&_nc_oc=AdpO3IxLxyhuQOQWHdEwFGb6xhB_zJFWqfzJnedEwDojGX72O4BmxfEZ-MBf1MKF84ZM66eupV5NlxoTiG9t9JS_&_nc_zt=23&_nc_ht=scontent-iad6-1.xx&edm=AOgd6ZUEAAAA&_nc_gid=0TsxSkLscIrAJW5a4QMFog&_nc_tpa=Q5bMBQIETgL5mxasTUMUF1zU-iOwOxdQ_rY7q_T1-swcgKNkLvr5JuFrKuBbNX7wBcPU3L2nb2Ta7-nELw&stp=c0.5000x0.5000f_dst-emg0_p64x64_q75_tt6&ur=b696e2&_nc_sid=58080a&oh=00_AQKbdLduwGxKQUNDA29AGHkTsZyE6KkhMsZ2Qe7CcYkCIg&oe=6ABEFA66
228,a:9d2c4dd2-d833-4e7a-8406-c71418076d50,VIDEO6,InstallrHub,not set,1,1,0,,2026-09-03,2026-09-19,yes,no,120250023449110731,https://external-iad3-1.xx.fbcdn.net/emg1/v/t13/14104361122784995220?url=https%3A%2F%2Fwww.facebook.com%2Fads%2Fimage%2F%3Fd%3DAQJaYYUiItqhQbg8KcyaVGt0x8YHgEYcm9gt0elfjdNx-g4mPyrfjecIfO6e2K4O4PxFafpZ8HSF-UNpR31eoukHm5RkRrlAvfz0cvOIYqgiZQlsBeUraXKaIbP3Mok59BafQ5Y5U2XTpYy6ew1aWyFY&fb_obo=1&utld=facebook.com&_nc_sid=58080a&_nc_ht=external-iad3-1.xx.fbcdn.net&stp=c0.5000x0.5000f_dst-emg0_p64x64_q75_tt6&ccb=18-1&_nc_gid=PulLCBilRpwPKtZPrGOtIA&edm=AOgd6ZUEAAAA&_nc_zt=3&_nc_tpa=Q5bMBQIoeC5XoPgIdv9aNXNDpzkFcW4Uuk23MpqJS_JSKD65cPNM0MqJvUr-GhciaiL0fy-LqtV2Yg7xrg&oh=06_Q3_DAcrs6vQK5FvE1M5Eau3iqCPWT4ERC4KNMVaQ9gJA_wev&oe=6ABB0A98
229,a:a904e605-c649-4d81-aebf-e1b9a160bb46,Solar-Static-ad-2,InstallrHub,not set,1,1,0,,2026-07-28,2026-07-29,no,no,120249283649410731,https://scontent-lhr11-1.xx.fbcdn.net/v/t45.1600-4/754761503_1977054976345854_9024585365627256061_n.png?_nc_cat=110&ccb=1-7&_nc_ohc=lqWhZJtL8LYQ7kNvwFGSNEV&_nc_oc=AdriRDfXXXR3kss5WUTiNgfFFY0wI5rUjsOvxJUS0y1g9GdN5F8BWNmwSbdr8miBdu8Ow1S_mZLCEHZcQp4_ZYle&_nc_zt=1&_nc_ht=scontent-lhr11-1.xx&edm=AOgd6ZUEAAAA&_nc_gid=JsE1RrS1jllXgejiB2zh1A&_nc_tpa=Q5bMBQJXEQhYqGZAcfmDn3Of7Mzp7t8i8q2DJXlNjILRULkcZnZ2gvvrn8e8eSMRggDj5jfU4qlB0iJwGg&stp=c0.5000x0.5000f_dst-emg0_p64x64_q75_tt6&ur=52f3c4&_nc_sid=58080a&oh=00_AQIUY_4h2AHHsQ18koidHYEjg8M__A5FMWiDxrzigr2qeQ&oe=6A9FF511
230,a:a11d8d59-7c0a-4ebe-8808-ee3f70c3c806,MOF-VIDEO7,InstallrHub,not set,1,1,0,,2026-09-14,2026-09-20,yes,no,120250219255010731,https://scontent-iad3-1.xx.fbcdn.net/v/t15.5256-10/793719970_1359054819289472_938673773300912689_n.jpg?_nc_cat=108&ccb=1-7&_nc_ohc=9iqI_ECLeSkQ7kNvwFuLBi8&_nc_oc=AdrcmJsVPPeYsAfBJo-IG3ZSfuGYb5KPcuSfZFM4jq5a-T9UrPG13wzF4DhJS22Xa5hhoj-u-h76DKw9gSKGne39&_nc_zt=23&_nc_ht=scontent-iad3-1.xx&edm=AOgd6ZUEAAAA&_nc_gid=PulLCBilRpwPKtZPrGOtIA&_nc_tpa=Q5bMBQJWeiK57zrdqya85b4w6mcFlCfS7x2YFRohYd-tV18F-thst-5CX0DH8izGiwKoP6J4xQJZz5x3tw&stp=c0.5000x0.5000f_dst-emg0_p64x64_q75_tt6&ur=7a3cc8&_nc_sid=58080a&oh=00_AQLWWXR6snUlVbuH5WjqCpEnJe2eZJEh4TQ63Q0UbBrFKA&oe=6ABF02A3
231,a:e2a94f29-97b5-4d34-bf2d-260bc3d31a4b,HP | WAD-B v2 - Helix Process in 60s | 215,Helix Power Ltd,not set,1,1,0,,2026-07-24,2026-08-14,yes,no,52557959000318,https://scontent-lhr11-1.xx.fbcdn.net/v/t15.5256-10/738011140_1315786660712622_5461201400004025051_n.jpg?_nc_cat=101&ccb=1-7&_nc_ohc=seemD5C-l_AQ7kNvwHg3LlJ&_nc_oc=AdpuBUHB06hFNNNBjB-UvYdfPVg9EpcqqMdwaViDDvaALEKMIZDoHlKfosGsOz139OWi3dwogzPLlqm51RLiMTix&_nc_zt=23&_nc_ht=scontent-lhr11-1.xx&edm=AOgd6ZUEAAAA&_nc_gid=pAweFddxxT9CrY_eOg7TXg&_nc_tpa=Q5bMBQLKRT7jcD7yHmmpYPThpRGlxOBXfr_tbtYaqg9pDEMFqaGoN7ONl-wEHSb_4yvm34ZqLicAPv6rEQ&stp=c0.5000x0.5000f_dst-emg0_p64x64_q75_tt6&ur=b696e2&_nc_sid=58080a&oh=00_AQILa2VabG4e8hNDqdMxPqgQEtPq5RmTvIMCQchdAH82jA&oe=6A982467
232,a:a5e11ebb-fb82-44b5-9950-9748822e858e,MOF-VIDEO11,InstallrHub,not set,1,1,0,,2026-09-14,2026-09-25,yes,no,120250219255320731,https://scontent-iad3-1.xx.fbcdn.net/v/t15.5256-10/792404240_4528630160717565_4691148406932680173_n.jpg?_nc_cat=101&ccb=1-7&_nc_ohc=md22mI-XTtgQ7kNvwGxv8mt&_nc_oc=AdqgvqZQ0ifgPa5BLQ578ATx7MlF6DllIZnRZY8VHn-TXrr8tn10jKDLfG1nXhrzLe7jFCwssfOAIiBFRL48kB4k&_nc_zt=23&_nc_ht=scontent-iad3-1.xx&edm=AOgd6ZUEAAAA&_nc_gid=PulLCBilRpwPKtZPrGOtIA&_nc_tpa=Q5bMBQJRiEPvuFNLsmjL2y2QaNhqxi2-Tn4mj4LxwixGY3wqMcwNUBXH9vBBR5fy9-WNy5Hmh0p-Z88iMA&stp=c0.5000x0.5000f_dst-emg0_p64x64_q75_tt6&ur=7a3cc8&_nc_sid=58080a&oh=00_AQLAmLZ7VcMAUoye_WEFB1rZ-RVPyNN7ELvoXxoIWr6l0A&oe=6ABEF6A2
233,a:7fd4856c-68d5-4dfd-af40-60ba3461b580,MOF-VIDEO18,InstallrHub,not set,1,1,0,,2026-09-03,2026-09-05,yes,no,120250045105370731,https://scontent-iad3-1.xx.fbcdn.net/v/t15.5256-10/792069809_1761782138405230_5837310373551319405_n.jpg?_nc_cat=104&ccb=1-7&_nc_ohc=2lmiX1_9l_8Q7kNvwFRI0qf&_nc_oc=AdqsG5wox0HCjS5piNG50ImD2hRych2Ufoubp6QnWzgxuy8UqUlnVp5nTWUMnoxIfsBluAF3IoMzWCO8uqiMZ5t3&_nc_zt=23&_nc_ht=scontent-iad3-1.xx&edm=AOgd6ZUEAAAA&_nc_gid=PulLCBilRpwPKtZPrGOtIA&_nc_tpa=Q5bMBQKFI3wjFNlrEOSnYgHfQ4vHRO-ajrrKB-5NcgmP3rb8fBZxqoaTBTWMvxupHpkepSu8YpK9AfDprA&stp=c0.5000x0.5000f_dst-emg0_p64x64_q75_tt6&ur=b21ebc&_nc_sid=58080a&oh=00_AQLPUFci4rEFfURL1O8ZLW6SfJkKud0_y89vGRdshR9aDg&oe=6ABF1C7C
234,a:b5593547-234b-46b3-b1c3-925831e0991e,MOF-VIDEO14,InstallrHub,not set,1,1,0,,2026-09-03,2026-09-09,yes,no,120250045025730731,https://scontent-iad3-1.xx.fbcdn.net/v/t15.5256-10/792069801_1451972263418603_5947728749033913230_n.jpg?_nc_cat=110&ccb=1-7&_nc_ohc=FkweGYrBZqcQ7kNvwF2q37R&_nc_oc=Adpg7n2fwNRGku74W01DT0QlX1d2MulxWOy_UdioDvz_uHXTPFvJw7AjBsfDiS7OXTfMIPPIOrkrlqNIIJa78yyP&_nc_zt=23&_nc_ht=scontent-iad3-1.xx&edm=AOgd6ZUEAAAA&_nc_gid=PulLCBilRpwPKtZPrGOtIA&_nc_tpa=Q5bMBQIJlRfU_uAeauaTsr5yxNUms97guXyzn2DW6UJReCgwPD3ON9BVQqQYzsN30C8x5dcDSXNBprs58A&stp=c0.5000x0.5000f_dst-emg0_p64x64_q75_tt6&ur=b21ebc&_nc_sid=58080a&oh=00_AQKdLOLBZBAKjQPqV4XSu5hTLsA4jjBzG9gQ77aSp5Jldw&oe=6ABF11CD
235,a:2dacab2a-7831-42a6-b672-b41c4add0603,Ad1,Outlook Energy,hp,1,1,0,,2026-09-01,2026-09-01,yes,no,120250446853420124,https://scontent-iad3-1.xx.fbcdn.net/v/t15.5256-10/790058554_1054322753851477_1541577452845657530_n.jpg?_nc_cat=110&ccb=1-7&_nc_ohc=U8g491fs5wYQ7kNvwH9AFdY&_nc_oc=AdrI5ckqcmc_R8rebKkqrdUNmtWAweW1uKRoJR5DxjDV_LV5WbF44V-SvbcBCdTlZg8w4bOJqUHAcSQSD2yFSvgq&_nc_zt=23&_nc_ht=scontent-iad3-1.xx&edm=AOgd6ZUEAAAA&_nc_gid=0TsxSkLscIrAJW5a4QMFog&_nc_tpa=Q5bMBQIJfZpChl9_foSe6oXOdGLYx8R1dyZp6UjhimhhU1gogYJN89ucs6p2XKt1_ZCcfbuJJnExDF9ZyQ&stp=c0.5000x0.5000f_dst-emg0_p64x64_q75_tt6&ur=b696e2&_nc_sid=58080a&oh=00_AQJsvc_ZrCrgf_T18XZFSU2O9m0VuLuQyCRXQ_MWC7BrTg&oe=6ABF1B2C
236,a:69241292-c3e6-4e81-af1d-e89295cacb39,HP | WAD-D v3 - 4 Ways a Battery Saves You Money | 222,Helix Power Ltd,not set,1,1,0,,2026-08-14,2026-08-28,yes,no,52557958999318,https://scontent-lhr6-1.xx.fbcdn.net/v/t15.5256-10/740779421_2034576383847383_6274187612835926756_n.jpg?_nc_cat=108&ccb=1-7&_nc_ohc=83yyjqJUpHoQ7kNvwFCJOgO&_nc_oc=Adr--IW6vn_iEC9O4izW7QlldVTg5Rh93oCs5DBB4_Kdfo3EfjVVn7ZkvZMHF8-bv_IIHFmBiug6kvMp5fQlwoL2&_nc_zt=23&_nc_ht=scontent-lhr6-1.xx&edm=AOgd6ZUEAAAA&_nc_gid=pAweFddxxT9CrY_eOg7TXg&_nc_tpa=Q5bMBQJY6Z055ANsK8mCUS3XYlrO-K-708mKzxSLZttjA_pP0IhMevemJieI7WivbnVdqqqfgPxLBZoUOA&stp=c0.5000x0.5000f_dst-emg0_p64x64_q75_tt6&ur=b696e2&_nc_sid=58080a&oh=00_AQIU6OMz-3RJsaKPU0FgJeWB6hGESCiHtm4dSUB8P0TMcQ&oe=6A982895
237,a:94ac6c1e-7a2c-4ad4-896e-84f3b7893eac,MOF-VIDEO11,InstallrHub,not set,1,0,0,,2026-09-03,2026-09-05,yes,no,120250043538840731,https://scontent-iad6-1.xx.fbcdn.net/v/t15.5256-10/794137175_2412450506166146_5645203360172749213_n.jpg?_nc_cat=106&ccb=1-7&_nc_ohc=WJ4yfpH3Q4MQ7kNvwE15LOW&_nc_oc=AdpCv9sPH8PX0XrbUhnH-daxcYJ65N4senSrsoNan-J6fZ7m9B1Qx3fbaf_2lTH9Yl6ZiaSHs9JsAjbPpdfbKTc6&_nc_zt=23&_nc_ht=scontent-iad6-1.xx&edm=AOgd6ZUEAAAA&_nc_gid=PulLCBilRpwPKtZPrGOtIA&_nc_tpa=Q5bMBQL7fTKI7K-XbHr9KShQe6deT-Fj3S84K-0qZaO47QDrwbY10wsE1AF9PAwSwfWIgjKUlXP_kO56_g&stp=c0.5000x0.5000f_dst-emg0_p64x64_q75_tt6&ur=b21ebc&_nc_sid=58080a&oh=00_AQIf6leCANSgH2mY0ySL2p0BPvg-ylyX4prg6tklzGJXqQ&oe=6ABF0493
238,a:623f854b-a5c1-4434-bc28-92a871610d7e,HP | WAD-D v2 - Battery + Inverter | 221 – Copy v2,Helix Power Ltd,not set,1,0,0,,2026-08-26,2026-08-28,yes,no,52566937899118,https://scontent-lhr6-1.xx.fbcdn.net/v/t15.5256-10/738954062_2343422426183649_4231899494474513981_n.jpg?_nc_cat=102&ccb=1-7&_nc_ohc=X8Mg0rXonTAQ7kNvwFnSM--&_nc_oc=AdpKnN1xwUYVa0ULUn63wQMA6ablW8cjU3vsWX33HqtP9RsK-pnz-xssw3ueB_eTHV_z2g1R79lTTckwA95w2VKw&_nc_zt=23&_nc_ht=scontent-lhr6-1.xx&edm=AOgd6ZUEAAAA&_nc_gid=pAweFddxxT9CrY_eOg7TXg&_nc_tpa=Q5bMBQKK5YobHcS6N90BVSL86Wf970WKgcbaI3LDu34YuEP3o01vifRXvqUhGafr-v-S0NcWIDudiNcFjQ&stp=c0.5000x0.5000f_dst-emg0_p64x64_q75_tt6&ur=5fad0e&_nc_sid=58080a&oh=00_AQIOyIrX_jJUmBXyupT1nnJDe2nZsskkegS9RkMkjxfNAw&oe=6A981F85
239,a:a2c07881-aad3-4c63-909d-53ae985f17a7,VIDEO9,InstallrHub,not set,1,0,0,,2026-09-03,2026-09-23,yes,no,120250023845000731,https://external-iad3-1.xx.fbcdn.net/emg1/v/t13/14104361122784995220?url=https%3A%2F%2Fwww.facebook.com%2Fads%2Fimage%2F%3Fd%3DAQJaYYUiItqhQbg8KcyaVGt0x8YHgEYcm9gt0elfjdNx-g4mPyrfjecIfO6e2K4O4PxFafpZ8HSF-UNpR31eoukHm5RkRrlAvfz0cvOIYqgiZQlsBeUraXKaIbP3Mok59BafQ5Y5U2XTpYy6ew1aWyFY&fb_obo=1&utld=facebook.com&_nc_sid=58080a&_nc_ht=external-iad3-1.xx.fbcdn.net&stp=c0.5000x0.5000f_dst-emg0_p64x64_q75_tt6&ccb=18-1&_nc_gid=PulLCBilRpwPKtZPrGOtIA&edm=AOgd6ZUEAAAA&_nc_zt=3&_nc_tpa=Q5bMBQIMQeRgwYwldPUFriFV3ZZ7gNczhTbQvmWQ8tjjxN4r9WQrdJmGGUsadZ-Jpyf-jg7fTq_-rLSp6Q&oh=06_Q3_DAYLnCJSU3LnwY2-AAeKT8CwzxNxj9Z2qWgxg7vZ76F_S&oe=6ABB0A98
240,a:529f1de6-94ef-4027-9eeb-0afc3bc0b00d,HP | WAD-C v2 - How Solar Works in 30s | 211,Helix Power Ltd,not set,1,0,0,,2026-07-06,2026-07-19,yes,no,52551997414518,https://scontent-lhr11-1.xx.fbcdn.net/v/t15.5256-10/740917461_1702895684264439_778322304957167811_n.jpg?_nc_cat=101&ccb=1-7&_nc_ohc=Pc5iTjmyaUQQ7kNvwHXtQEA&_nc_oc=AdrgArf-8WhkYC7e5_LBaj_Hyuyy2yk7IUQzNFoJzYARLEKL0U8IpC-AoN5dG0E-2PQkX-9qB6xGLhBm3xrtL4e_&_nc_zt=23&_nc_ht=scontent-lhr11-1.xx&edm=AOgd6ZUEAAAA&_nc_gid=pAweFddxxT9CrY_eOg7TXg&_nc_tpa=Q5bMBQJio_f0KtbJSN8QUJew0qw5LnkHfO2Lkwq9YLhFESBNpa-WI9_E6aM9FFVezslHnwHxeOPcL46Xuw&stp=c0.5000x0.5000f_dst-emg0_p64x64_q75_tt6&ur=b696e2&_nc_sid=58080a&oh=00_AQI81TGK38O16CvqDhUgHyLrOwdnUgT-69OprR6_jy7WgQ&oe=6A9826E6
241,a:ec0a20b1-1e2e-465e-b22e-da18abec2a46,HP | WAD-C v1 - No GivEnergy | 210,Helix Power Ltd,not set,1,0,0,,2026-07-08,2026-07-24,yes,no,52551997416518,https://scontent-lhr6-1.xx.fbcdn.net/v/t15.5256-10/741236003_4434641013475462_697681646816169018_n.jpg?_nc_cat=108&ccb=1-7&_nc_ohc=L603Ua1LW8UQ7kNvwFvSzwk&_nc_oc=AdoZR0Xugs_gAIjkr5vIUXKZT3hoiJicXVewmoBAznkl0cjzbsmRuXp_M_BGj9uksfAN7hg2NPQqp9A6z842lUP5&_nc_zt=23&_nc_ht=scontent-lhr6-1.xx&edm=AOgd6ZUEAAAA&_nc_gid=pAweFddxxT9CrY_eOg7TXg&_nc_tpa=Q5bMBQKr2TDbWca4TIIDHOTI_prkaCsFPw6DNl95xzbObfXChi832q1gUGfCpFPn8pMZtXJJvU5yblL9YA&stp=c0.5000x0.5000f_dst-emg0_p64x64_q75_tt6&ur=b696e2&_nc_sid=58080a&oh=00_AQLw2CCcD8InTjzxwrImWFDIp8EUEhiZoKL-oLXWxyO5pg&oe=6A9838C5
242,a:049a9f6a-701d-4908-b8db-37d0cc5fc2b7,VIDEO2,InstallrHub,not set,1,0,0,,2026-09-03,2026-09-21,yes,no,120250022441130731,https://external-iad3-1.xx.fbcdn.net/emg1/v/t13/14104361122784995220?url=https%3A%2F%2Fwww.facebook.com%2Fads%2Fimage%2F%3Fd%3DAQJaYYUiItqhQbg8KcyaVGt0x8YHgEYcm9gt0elfjdNx-g4mPyrfjecIfO6e2K4O4PxFafpZ8HSF-UNpR31eoukHm5RkRrlAvfz0cvOIYqgiZQlsBeUraXKaIbP3Mok59BafQ5Y5U2XTpYy6ew1aWyFY&fb_obo=1&utld=facebook.com&_nc_sid=58080a&_nc_ht=external-iad3-1.xx.fbcdn.net&stp=c0.5000x0.5000f_dst-emg0_p64x64_q75_tt6&ccb=18-1&_nc_gid=PulLCBilRpwPKtZPrGOtIA&edm=AOgd6ZUEAAAA&_nc_zt=3&_nc_tpa=Q5bMBQIo1qzuZFL0JdGyhLcEFDaSy3xfF8db4S_g1FsuDyVIBaIMJDrQWlGJT62W-Ory2C5wvEtwdOQkPg&oh=06_Q3_DARYpnDnP-e3w3dGFNTyqoOxWki9Pa66d9_KQowXnIUW1&oe=6ABB0A98
243,a:e3ec08f6-0b52-4a0b-8ce0-b9ee558468ce,HP | WAD-A v3 - System Overview | excluding multi advertisers | 212,Helix Power Ltd,not set,1,0,0,,2026-08-17,2026-08-19,yes,no,52565130503118,https://scontent-lhr11-1.xx.fbcdn.net/v/t15.5256-10/741627382_1548131780029266_7689938682560238703_n.jpg?_nc_cat=111&ccb=1-7&_nc_ohc=DrJDGhKRoHkQ7kNvwE0MtTY&_nc_oc=AdqhQGXgxAPMH62QZGDRcDj0JOmswhg9q1EY_vpKFYaIRtIxsrZfbRVlGHNXPsxN0LbTSRkpNwcklTJ8drxJVbyV&_nc_zt=23&_nc_ht=scontent-lhr11-1.xx&edm=AOgd6ZUEAAAA&_nc_gid=pAweFddxxT9CrY_eOg7TXg&_nc_tpa=Q5bMBQLmn4pizJ_k-yl7rHpFQYGqvUXlqD1qgIJZG_GPoZiLkvYakJrOLgJxgeQzno-mC7Fn-LKKyvqqYw&stp=c0.5000x0.5000f_dst-emg0_p64x64_q75_tt6&ur=b696e2&_nc_sid=58080a&oh=00_AQIwdf7LGXLzK-Rf8k19IIRndLwicr3MkEpKIxn0VcDSoQ&oe=6A983A06
244,a:cceae77a-d293-4f23-9609-f1e0519fc7fa,HP | WAD-C v4 - Holiday Home | 219,Helix Power Ltd,not set,1,0,0,,2026-07-07,2026-07-23,yes,no,52551997415718,https://scontent-lhr6-1.xx.fbcdn.net/v/t15.5256-10/737819392_1038652415408267_1904160464728927636_n.jpg?_nc_cat=102&ccb=1-7&_nc_ohc=A4bQTOrfqhsQ7kNvwEExXEp&_nc_oc=AdrlBX2Q2AmsjhAJMIXW4_uBOEuQhr7CEB-zPPGGe-RK2XycuXZGHTKuTtaVTaduLNB9D5BKJQJ0VcuSuYMyORUv&_nc_zt=23&_nc_ht=scontent-lhr6-1.xx&edm=AOgd6ZUEAAAA&_nc_gid=pAweFddxxT9CrY_eOg7TXg&_nc_tpa=Q5bMBQKXHbD-5XoFCOItESydKC1SQAeIG0uOwGbSswCPPb0mo5rX_dp4T6i2xB4AxcXGbME4jKdttPEQMw&stp=c0.5000x0.5000f_dst-emg0_p64x64_q75_tt6&ur=b696e2&_nc_sid=58080a&oh=00_AQJNdaMyBi6vqo1knQdmP2azd1t2WNrDIL3uexOceuOKjg&oe=6A9819C6
245,a:16e8dfcb-08e0-491a-b066-121d321feb17,HP | WAD-C v3 - System Overview | 218,Helix Power Ltd,not set,1,0,0,,2026-07-07,2026-07-20,yes,no,52551997416918,https://scontent-lhr6-2.xx.fbcdn.net/v/t15.5256-10/741365602_1567544564707380_273861458456538726_n.jpg?_nc_cat=105&ccb=1-7&_nc_ohc=PSPplWJjOqIQ7kNvwELiW5C&_nc_oc=AdqdnWtA2KWh7oMagEZeI7IsTzoZi_taOie1IsH0Zj5kjWkaZgb9VB-vH7sFPdTAtuNmxGr4ESdkX-kjB45jz0RQ&_nc_zt=23&_nc_ht=scontent-lhr6-2.xx&edm=AOgd6ZUEAAAA&_nc_gid=pAweFddxxT9CrY_eOg7TXg&_nc_tpa=Q5bMBQLC6yHRgw5geK_FD1PlW8uNUBQEoScxiZQnsj_ohFtF4PqGNvVYbQEv9cNVaNgUSw1sCxdF7DkppQ&stp=c0.5000x0.5000f_dst-emg0_p64x64_q75_tt6&ur=b696e2&_nc_sid=58080a&oh=00_AQIQDYrmGvBRCw9FLpmw9jXQYUjGV61U7NdEWzohBX35VA&oe=6A981DEA
246,a:d0d7f0c8-a74a-4675-a24e-1ea342c2cf3d,MOF-VIDEO15,InstallrHub,not set,1,0,0,,2026-09-03,2026-09-05,yes,no,120250045044840731,https://scontent-iad3-1.xx.fbcdn.net/v/t15.5256-10/794349212_914720964652015_7840851704846958598_n.jpg?_nc_cat=101&ccb=1-7&_nc_ohc=OGU8I9BgXWsQ7kNvwEs5or7&_nc_oc=Adrjiy5hLjS5wDGFgVqJYImJeNP2QTlo6LJpqb9Utrbxy7rUaDqsDHBbnOFQWLX8JCvkzAob_JjMccWacs8jbm9X&_nc_zt=23&_nc_ht=scontent-iad3-1.xx&edm=AOgd6ZUEAAAA&_nc_gid=PulLCBilRpwPKtZPrGOtIA&_nc_tpa=Q5bMBQLHNIVmgN1pURe2Pvz9zfcof3y60PQuKBkn1hhmoVwCjrTGmdmPk54893VBYq3HmqXczsZmO7z0Ng&stp=c0.5000x0.5000f_dst-emg0_p64x64_q75_tt6&ur=b21ebc&_nc_sid=58080a&oh=00_AQKunVYEWmjAXxWs-92GpEL59A6BS-I_LBRoHsaGGuPofw&oe=6ABF17D3
247,a:b5f93c16-6e87-4578-a866-21458102cc7a,MOF-VIDEO13,InstallrHub,not set,1,0,0,,2026-09-03,2026-09-10,yes,no,120250043571780731,https://scontent-iad3-2.xx.fbcdn.net/v/t15.5256-10/793802728_2797819623931183_5569423999568704653_n.jpg?_nc_cat=103&ccb=1-7&_nc_ohc=uAaz9D6QLPAQ7kNvwFbhlR-&_nc_oc=Adp__K4SstuHrC0i6DWNcWpHtu7EjFM8h0emmVlnI3l6Qng2sI3z2AccAj5qw22XbQeihqTHAL9gCOARoMGHSkG5&_nc_zt=23&_nc_ht=scontent-iad3-2.xx&edm=AOgd6ZUEAAAA&_nc_gid=PulLCBilRpwPKtZPrGOtIA&_nc_tpa=Q5bMBQJwmn34ykEOoYJu3rr9-9krY9_JhZTKI_GRx067ld6h1pdvEipis4RV7cF7EaY6FyBVusgLaMddqA&stp=c0.5000x0.5000f_dst-emg0_p64x64_q75_tt6&ur=b21ebc&_nc_sid=58080a&oh=00_AQKxcCapj5JrRbG8-cL5jjRaHyZfVN1BnMiho2up7lihPQ&oe=6ABF26AB
248,a:6448eb70-b347-40a8-867a-9974a5c96136,MOF-VIDEO4,InstallrHub,not set,1,0,0,,2026-09-03,2026-09-09,yes,no,120250043300740731,https://scontent-iad6-1.xx.fbcdn.net/v/t15.5256-10/792323998_1626508288823228_2995154534494936319_n.jpg?_nc_cat=109&ccb=1-7&_nc_ohc=xi-gBYTiynAQ7kNvwHOD9ON&_nc_oc=AdrZMzUSqcYlLUqnlXvYiUAXIDgSdHSGYdShTG_D4dP8vpyOQiGMqJPt-89fCO4z8G00odesua2uRI-Fd7WjadtJ&_nc_zt=23&_nc_ht=scontent-iad6-1.xx&edm=AOgd6ZUEAAAA&_nc_gid=PulLCBilRpwPKtZPrGOtIA&_nc_tpa=Q5bMBQKaiQmSZo_HpbYnxTDDFx9ZGEZU39_4wDCGUoq2AzcCZYu-pgtzxf8njwMXaEhO1-dz8AlLq43RRg&stp=c0.5000x0.5000f_dst-emg0_p64x64_q75_tt6&ur=b21ebc&_nc_sid=58080a&oh=00_AQIRYOKhSiL7fOhLSXOQr7nLpUenX82sm03B8FLqvN09fA&oe=6ABF1EB4
249,a:13e41693-bdb1-4f7c-b933-1dd9e9ad3e5a,MOF-VIDEO8,InstallrHub,not set,1,0,0,,2026-09-14,2026-09-15,yes,no,120250219255340731,https://scontent-iad3-1.xx.fbcdn.net/v/t15.5256-10/793719957_1000360586369015_5973220479709725744_n.jpg?_nc_cat=108&ccb=1-7&_nc_ohc=X3RLD_F604wQ7kNvwFvsOHv&_nc_oc=Adq3t6YSazF7olaJcd2kikw9p3rS9xVtZqUuGgIm9otjWt56EsFSdpDTh1INrHdnVRhbm62y6fe_1O2rRTrL2l0q&_nc_zt=23&_nc_ht=scontent-iad3-1.xx&edm=AOgd6ZUEAAAA&_nc_gid=PulLCBilRpwPKtZPrGOtIA&_nc_tpa=Q5bMBQKMU0bN-iABBVSmZEQwFfHCVYykc-WKSwqbcnDwXWwv0-WCkrsl_43f8MnlPPbuIWWGB7KXJBAQww&stp=c0.5000x0.5000f_dst-emg0_p64x64_q75_tt6&ur=7a3cc8&_nc_sid=58080a&oh=00_AQI-dcQJa66VwIVK2A5urc90ukJuYS5OTEY3x4Te0CtInQ&oe=6ABF068C
250,a:d4068261-b371-40f3-ad4f-ed62715d7ed8,MOF-VIDEO9,InstallrHub,not set,1,0,0,,2026-09-04,2026-09-05,yes,no,120250043456290731,https://scontent-iad3-2.xx.fbcdn.net/v/t15.5256-10/793257532_1701195177639319_2185522952465980706_n.jpg?_nc_cat=103&ccb=1-7&_nc_ohc=x9MCZg0AGVQQ7kNvwGj9xBG&_nc_oc=AdrpK2nLEFCAokVlW2xIoi6dZaYFyO_mxMpkKL8x6YJlCwS_HOrj6wkUs2n-4WMOrTWjbEL-CJCMYDGp0zCxkaC_&_nc_zt=23&_nc_ht=scontent-iad3-2.xx&edm=AOgd6ZUEAAAA&_nc_gid=PulLCBilRpwPKtZPrGOtIA&_nc_tpa=Q5bMBQJnnrIIaTx8SzQ4eFSmC0BZyPzlGauZRcrWLi3UoEgV6JOzAh1l8craLsUH77mT54MKsjKkWFlxHw&stp=c0.5000x0.5000f_dst-emg0_p64x64_q75_tt6&ur=b21ebc&_nc_sid=58080a&oh=00_AQK4Vz0dUwiBb36dHVHYjITTedhvNGfLlTUUqTpSgnZk9w&oe=6ABF0EA6
251,a:9a3a0aa4-ceff-4fff-a371-8cac020dcfd5,MOF-VIDEO10,InstallrHub,not set,1,0,0,,2026-09-03,2026-09-08,yes,no,120250043500580731,https://scontent-iad6-1.xx.fbcdn.net/v/t15.5256-10/793518362_1756057252388513_7258563996534453080_n.jpg?_nc_cat=106&ccb=1-7&_nc_ohc=XnlmKc08NkUQ7kNvwHrKAsm&_nc_oc=AdoQm1nF0ka79yASoP4HBO65rf9_g8Jg26dhwXwBL9cuoLnXIEfZ-PgFtW91FaqMwOjV2jDUN46V91av5lEIJrVo&_nc_zt=23&_nc_ht=scontent-iad6-1.xx&edm=AOgd6ZUEAAAA&_nc_gid=PulLCBilRpwPKtZPrGOtIA&_nc_tpa=Q5bMBQJyw5KNivFS_lq4yW0dZj5QGugW5tTC-q_DhfPifwnUU4xcXtbK8q5EmbYFMg1jmOwP4cnWKHLsIQ&stp=c0.5000x0.5000f_dst-emg0_p64x64_q75_tt6&ur=b21ebc&_nc_sid=58080a&oh=00_AQJ7V14TJv4a28vb8fyt2ZHe3Wzz5_ww5siTAqJkgztzgg&oe=6ABF114C
252,a:f0fd7688-983d-46b8-96e5-fd2cf0f0eee7,MOF-VIDEO12,InstallrHub,not set,1,0,0,,2026-09-04,2026-09-09,yes,no,120250043560690731,https://scontent-iad6-1.xx.fbcdn.net/v/t15.5256-10/793257566_1617840346589727_555267986055294130_n.jpg?_nc_cat=109&ccb=1-7&_nc_ohc=jWfcvLhKflcQ7kNvwHZo9Sl&_nc_oc=AdqUZk-05tnrqLwsOQcfLqQVfdcr_zYseKT5mPhTtHSrduOztraBKwojFIseANpbb-ntss6beB1GuJFVORRFOsLR&_nc_zt=23&_nc_ht=scontent-iad6-1.xx&edm=AOgd6ZUEAAAA&_nc_gid=PulLCBilRpwPKtZPrGOtIA&_nc_tpa=Q5bMBQKD5I9mb-pG9wDdae2HgM8T7vrfViDK2fSg4tlAZyNdQA1n0TTi1gvWwZ-lIVyymIzBig4lcukdcQ&stp=c0.5000x0.5000f_dst-emg0_p64x64_q75_tt6&ur=b21ebc&_nc_sid=58080a&oh=00_AQJsNZCi2jONLXcYqmTHZq1TvOmB676zHJR2hf5u7H1tiA&oe=6ABF126B
253,a:1fd4c9e0-6104-434a-8ae2-953d5ea9a8fd,C1 - BSHQ - ad1,HQ Group,not set,1,0,0,,2026-06-29,2026-06-29,no,no,120248861556970306,https://external-lhr6-2.xx.fbcdn.net/emg1/v/t13/17744222913764209028?url=https%3A%2F%2Fwww.facebook.com%2Fads%2Fimage%2F%3Fd%3DAQLEph9r5L-Qf_W4R9ZizOFWhWpEzPXnl2gY2kV1Dz9vVmjmmoKo3NE0b_ad63L3QhDcyTBeoLeKjjnvvYOkXPTmE13D2jnEFlybMVg3xSLQw7RSBQXN_SblNvSX5QD8py_NO4KpwJoYdI0_awbcX_3H&fb_obo=1&utld=facebook.com&stp=c0.5000x0.5000f_dst-emg0_p64x64_q75_tt6&edm=AOgd6ZUEAAAA&_nc_gid=jeUGIiMRi1sQ6CEHax2i7g&_nc_oc=AdpG5CbShfRF6-cuQoCqbykebC10YC_seJS2yi6kBGnN2Fc5eTps9QEL3aCQu-65hpiqZ_PXHWwFmqddog2Kiogq&ccb=13-1&oh=06_Q3_AATOreAqbBXfjalNz4RVr9h7_q8MJV1czcJWzbg2oKk8Y&oe=6A465EAD&_nc_sid=58080a
254,a:56b92284-d877-4247-a111-52e123502c3a,VIDEO11,InstallrHub,not set,1,0,0,,2026-09-03,2026-09-25,yes,no,120250024229300731,https://external-iad3-1.xx.fbcdn.net/emg1/v/t13/14104361122784995220?url=https%3A%2F%2Fwww.facebook.com%2Fads%2Fimage%2F%3Fd%3DAQJaYYUiItqhQbg8KcyaVGt0x8YHgEYcm9gt0elfjdNx-g4mPyrfjecIfO6e2K4O4PxFafpZ8HSF-UNpR31eoukHm5RkRrlAvfz0cvOIYqgiZQlsBeUraXKaIbP3Mok59BafQ5Y5U2XTpYy6ew1aWyFY&fb_obo=1&utld=facebook.com&_nc_sid=58080a&_nc_ht=external-iad3-1.xx.fbcdn.net&stp=c0.5000x0.5000f_dst-emg0_p64x64_q75_tt6&ccb=18-1&_nc_gid=PulLCBilRpwPKtZPrGOtIA&edm=AOgd6ZUEAAAA&_nc_zt=3&_nc_tpa=Q5bMBQKRqIIdBg9U0ItJClOJK-mG31cAFVd1xdzJhtpB-rOW5X5aGPwP0ONeO7d2vhm0SPJCAfpJXful8A&oh=06_Q3_DARRiGbDXwoTQ0n647CHqVbFtNJb_rdJkos-7XTiNvV5_&oe=6ABB0A98
255,a:d9a24d66-e612-45dd-b6ac-da48a87b76be,VIDEO14,InstallrHub,not set,1,0,0,,2026-09-03,2026-09-22,yes,no,120250024422450731,https://external-iad3-1.xx.fbcdn.net/emg1/v/t13/14104361122784995220?url=https%3A%2F%2Fwww.facebook.com%2Fads%2Fimage%2F%3Fd%3DAQJaYYUiItqhQbg8KcyaVGt0x8YHgEYcm9gt0elfjdNx-g4mPyrfjecIfO6e2K4O4PxFafpZ8HSF-UNpR31eoukHm5RkRrlAvfz0cvOIYqgiZQlsBeUraXKaIbP3Mok59BafQ5Y5U2XTpYy6ew1aWyFY&fb_obo=1&utld=facebook.com&_nc_sid=58080a&_nc_ht=external-iad3-1.xx.fbcdn.net&stp=c0.5000x0.5000f_dst-emg0_p64x64_q75_tt6&ccb=18-1&_nc_gid=PulLCBilRpwPKtZPrGOtIA&edm=AOgd6ZUEAAAA&_nc_zt=3&_nc_tpa=Q5bMBQKbS42VHMbubks7qz7v3vJZBiuoH-ZA7Pcqpgo5XQVYyu5IAch_1Z7KJRTzXQxVda_kCyYfVOOsRg&oh=06_Q3_DAShUIKmfCavg-gE_PViZWo0I0mgwB5NtzcM2RfQT3g1u&oe=6ABB0A98
